start,end,source_ip
2018-01-05 06:03:42.470259,2018-01-05 06:03:51.470259,170.9.4.108
2018-01-11 03:08:43.284085,2018-01-11 03:09:14.284085,27.255.30.3
2018-01-17 00:41:43.985324,2018-01-17 00:45:56.985324,226.98.192.152
2018-01-21 10:34:57.842776,2018-01-21 10:38:01.842776,102.178.107.171
2018-01-21 23:12:10.852725,2018-01-21 23:12:38.852725,48.172.61.152
2018-01-23 20:56:23.219809,2018-01-23 20:58:40.219809,62.209.68.197
2018-01-26 05:56:35.872139,2018-01-26 06:00:42.872139,27.193.94.129
2018-02-12 17:33:22.974691,2018-02-12 17:35:53.974691,93.253.75.244
2018-02-18 06:54:30.130457,2018-02-18 06:58:47.130457,51.221.142.249
2018-02-19 01:36:20.192653,2018-02-19 01:37:31.192653,139.251.218.76
2018-02-23 19:56:41.865629,2018-02-23 19:57:59.865629,84.4.101.68
2018-04-02 01:55:20.503176,2018-04-02 01:59:28.503176,131.59.202.195
2018-04-03 00:16:23.223652,2018-04-03 00:20:27.223652,13.94.42.10
2018-07-03 22:52:58.170083,2018-07-03 22:56:34.170083,74.178.145.82
2018-07-19 22:25:03.009372,2018-07-19 22:29:12.009372,6.199.47.120
2018-07-19 23:50:18.364552,2018-07-19 23:53:10.364552,112.214.73.179
2018-07-28 13:34:34.220996,2018-07-28 13:36:23.220996,229.204.248.216
2018-07-31 03:30:46.577582,2018-07-31 03:34:57.577582,142.85.18.115
2018-08-03 02:28:00.788461,2018-08-03 02:29:37.788461,172.5.153.120
2018-08-04 10:21:32.855163,2018-08-04 10:23:32.855163,208.224.58.84
2018-08-05 07:47:05.202707,2018-08-05 07:47:13.202707,59.115.153.240
2018-08-26 19:48:07.338588,2018-08-26 19:49:02.338588,152.34.193.165
2018-09-09 11:04:19.470385,2018-09-09 11:08:27.470385,78.174.30.56
2018-09-11 18:57:00.687504,2018-09-11 18:58:12.687504,17.4.47.84
2018-09-12 20:52:34.155677,2018-09-12 20:55:28.155677,173.207.252.26
2018-09-17 15:30:25.969556,2018-09-17 15:33:32.969556,22.210.104.44
2018-09-18 17:46:09.932924,2018-09-18 17:48:38.932924,174.147.116.255
2018-09-19 11:08:32.108147,2018-09-19 11:11:07.108147,138.101.91.226
2018-09-21 19:31:50.003252,2018-09-21 19:35:21.003252,215.189.60.53
2018-09-24 23:26:31.709160,2018-09-24 23:30:34.709160,228.144.254.255
2018-10-06 00:04:11.688537,2018-10-06 00:06:08.688537,12.85.219.94
2018-11-01 04:12:34.982693,2018-11-01 04:16:19.982693,104.8.35.137
2018-11-07 01:50:33.596719,2018-11-07 01:51:16.596719,183.16.40.217
2018-11-11 14:21:01.413492,2018-11-11 14:25:06.413492,107.210.163.30
2018-11-15 10:06:25.095924,2018-11-15 10:09:03.095924,105.178.119.27
2018-11-20 18:50:37.325372,2018-11-20 18:54:49.325372,118.189.202.82
2018-11-23 16:26:28.482645,2018-11-23 16:28:14.482645,88.199.57.22
2018-11-24 04:34:58.053877,2018-11-24 04:35:43.053877,206.121.220.195
2018-12-01 00:06:51.879131,2018-12-01 00:07:06.879131,168.10.158.149
2018-12-01 06:43:34.778738,2018-12-01 06:45:41.778738,137.174.91.123
2018-12-01 12:29:34.979806,2018-12-01 12:33:48.979806,218.114.210.223
2018-12-01 18:19:18.507327,2018-12-01 18:23:31.507327,118.29.144.220
2018-12-02 13:22:42.567875,2018-12-02 13:26:55.567875,29.101.15.78
2018-12-02 20:05:21.387524,2018-12-02 20:09:29.387524,121.120.155.251
2018-12-02 21:09:01.894714,2018-12-02 21:13:04.894714,232.222.234.177
2018-12-02 22:40:49.319515,2018-12-02 22:45:01.319515,123.182.42.106
2018-12-03 01:28:16.456126,2018-12-03 01:32:24.456126,118.93.53.14
2018-12-03 04:59:47.275187,2018-12-03 05:02:37.275187,151.246.57.5
2018-12-03 16:52:01.590703,2018-12-03 16:56:17.590703,211.229.145.233
2018-12-04 00:20:53.519253,2018-12-04 00:25:04.519253,111.202.163.183
2018-12-04 05:21:35.664250,2018-12-04 05:25:43.664250,105.35.130.3
2018-12-04 22:17:16.477064,2018-12-04 22:21:26.477064,8.245.180.35
2018-12-06 06:49:29.023733,2018-12-06 06:53:35.023733,135.248.127.1
2018-12-06 07:39:45.474778,2018-12-06 07:43:53.474778,14.230.220.30
2018-12-07 05:06:07.981164,2018-12-07 05:10:22.981164,191.157.174.232
2018-12-07 07:01:52.126580,2018-12-07 07:03:26.126580,58.205.207.0
2018-12-09 08:15:30.388657,2018-12-09 08:19:38.388657,215.47.10.84
2018-12-10 00:54:42.208933,2018-12-10 00:55:12.208933,100.228.159.98
2018-12-10 04:10:01.520520,2018-12-10 04:12:23.520520,209.19.127.19
2018-12-10 07:19:15.373502,2018-12-10 07:23:30.373502,154.165.28.184
2018-12-10 10:16:13.278728,2018-12-10 10:20:32.278728,211.164.183.50
2018-12-10 19:56:52.369200,2018-12-10 20:01:00.369200,43.222.72.24
2018-12-11 14:54:49.328939,2018-12-11 14:59:07.328939,36.117.206.37
2018-12-12 04:50:14.055379,2018-12-12 04:54:26.055379,59.12.7.192
2018-12-12 10:15:23.076522,2018-12-12 10:19:31.076522,2.190.1.26
2018-12-12 13:20:16.800584,2018-12-12 13:24:29.800584,15.26.194.139
2018-12-12 14:13:06.789965,2018-12-12 14:17:17.789965,210.54.123.17
2018-12-13 05:54:40.470621,2018-12-13 05:58:59.470621,145.195.179.188
2018-12-13 14:52:35.667099,2018-12-13 14:56:34.667099,203.31.153.203
2018-12-13 17:51:29.542459,2018-12-13 17:55:47.542459,233.179.120.157
2018-12-14 09:46:15.839045,2018-12-14 09:50:25.839045,206.47.210.131
2018-12-14 10:39:20.772384,2018-12-14 10:43:24.772384,230.109.220.92
2018-12-14 13:08:01.549749,2018-12-14 13:12:12.549749,24.137.19.206
2018-12-14 16:25:18.228474,2018-12-14 16:29:24.228474,32.105.154.210
2018-12-15 03:59:23.509947,2018-12-15 04:03:32.509947,12.101.52.83
2018-12-15 09:54:52.168127,2018-12-15 09:59:11.168127,211.99.79.128
2018-12-16 00:27:27.587855,2018-12-16 00:31:35.587855,26.121.6.174
2018-12-16 16:42:04.730609,2018-12-16 16:46:12.730609,234.78.210.179
2018-12-16 19:21:33.557561,2018-12-16 19:25:46.557561,8.114.151.106
2018-12-18 10:36:03.439159,2018-12-18 10:40:14.439159,36.61.121.85
2018-12-19 20:58:39.747942,2018-12-19 21:02:47.747942,86.18.45.118
2018-12-19 21:44:18.269827,2018-12-19 21:48:30.269827,65.209.187.180
2018-12-20 00:43:20.356847,2018-12-20 00:47:28.356847,113.26.222.48
2018-12-20 06:07:46.630802,2018-12-20 06:11:52.630802,230.26.154.133
2018-12-20 12:26:56.839296,2018-12-20 12:31:05.839296,171.147.124.35
2018-12-21 00:31:19.644809,2018-12-21 00:35:29.644809,197.71.159.62
2018-12-21 22:22:38.012453,2018-12-21 22:26:43.012453,121.115.24.225
2018-12-22 09:45:01.755742,2018-12-22 09:49:15.755742,69.130.109.64
2018-12-22 17:02:03.504117,2018-12-22 17:06:15.504117,211.219.25.119
2018-12-23 08:29:59.530428,2018-12-23 08:34:12.530428,40.48.69.140
2018-12-23 20:43:58.797374,2018-12-23 20:48:03.797374,49.79.153.96
2018-12-24 04:45:53.184929,2018-12-24 04:50:06.184929,166.198.17.114
2018-12-24 07:26:30.035556,2018-12-24 07:30:35.035556,43.180.136.184
2018-12-24 13:23:21.875545,2018-12-24 13:27:30.875545,180.246.142.130
2018-12-24 14:19:14.642045,2018-12-24 14:23:29.642045,148.170.131.157
2018-12-24 22:35:00.889513,2018-12-24 22:39:12.889513,32.148.94.35
2018-12-25 01:47:21.899698,2018-12-25 01:51:31.899698,4.7.249.142
2018-12-25 16:15:31.808751,2018-12-25 16:17:54.808751,19.101.185.116
2018-12-26 07:54:59.939399,2018-12-26 07:59:10.939399,113.25.122.147
2018-12-26 12:09:23.860732,2018-12-26 12:13:32.860732,19.68.134.150
2018-12-26 18:31:22.538764,2018-12-26 18:35:32.538764,41.152.93.178
2018-12-26 23:27:24.500651,2018-12-26 23:31:36.500651,76.26.233.66
2018-12-27 05:47:48.433162,2018-12-27 05:51:58.433162,237.151.209.164
2018-12-27 11:26:20.357926,2018-12-27 11:30:28.357926,150.82.255.148
2018-12-28 04:25:17.262554,2018-12-28 04:29:32.262554,239.87.171.169
2018-12-28 18:00:07.773171,2018-12-28 18:04:21.773171,86.29.47.60
2018-12-29 03:27:22.432176,2018-12-29 03:31:35.432176,86.94.179.28
2018-12-29 15:39:10.376311,2018-12-29 15:39:14.376311,45.208.66.139
2018-12-29 19:52:45.347044,2018-12-29 19:56:55.347044,191.136.131.14
2018-12-31 08:09:03.009937,2018-12-31 08:13:17.009937,162.197.35.101
2018-12-31 15:41:57.004462,2018-12-31 15:46:03.004462,138.177.154.55
