date,station,PRCP,SNOW,SNWD,TMAX,TMIN,TOBS,WESF,inclement_weather
2018-01-01T00:00:00,?,0.0,0.0,-inf,5505.0,-40.0,,,
2018-01-01T00:00:00,?,0.0,0.0,-inf,5505.0,-40.0,,,
2018-01-01T00:00:00,?,0.0,0.0,-inf,5505.0,-40.0,,,
2018-01-02T00:00:00,GHCND:USC00280907,0.0,0.0,-inf,-8.3,-16.1,-12.2,,False
2018-01-03T00:00:00,GHCND:USC00280907,0.0,0.0,-inf,-4.4,-13.9,-13.3,,False
2018-01-03T00:00:00,GHCND:USC00280907,0.0,0.0,-inf,-4.4,-13.9,-13.3,,False
2018-01-03T00:00:00,GHCND:USC00280907,0.0,0.0,-inf,-4.4,-13.9,-13.3,,False
2018-01-04T00:00:00,?,20.6,229.0,inf,5505.0,-40.0,,19.3,True
2018-01-04T00:00:00,?,20.6,229.0,inf,5505.0,-40.0,,19.3,True
2018-01-05T00:00:00,?,0.3,,,5505.0,-40.0,,,
2018-01-05T00:00:00,?,0.3,,,5505.0,-40.0,,,
2018-01-05T00:00:00,GHCND:USC00280907,14.2,127.0,inf,-4.4,-13.9,-13.9,,True
2018-01-06T00:00:00,GHCND:USC00280907,0.0,0.0,-inf,-10.0,-15.6,-15.0,,False
2018-01-07T00:00:00,GHCND:USC00280907,0.0,0.0,-inf,-11.7,-17.2,-16.1,,False
2018-01-07T00:00:00,?,0.0,0.0,-inf,5505.0,-40.0,,,
2018-01-08T00:00:00,?,0.0,0.0,-inf,5505.0,-40.0,,,
2018-01-08T00:00:00,GHCND:USC00280907,0.0,0.0,-inf,-7.8,-16.7,-8.3,,False
2018-01-10T00:00:00,?,0.0,0.0,-inf,5505.0,-40.0,,,
2018-01-10T00:00:00,GHCND:USC00280907,0.0,0.0,-inf,5.0,-7.8,-7.8,,False
2018-01-11T00:00:00,GHCND:USC00280907,0.0,0.0,-inf,4.4,-7.8,1.1,,False
2018-01-12T00:00:00,GHCND:USC00280907,1.3,0.0,-inf,9.4,0.6,7.8,,False
2018-01-12T00:00:00,?,0.5,,,5505.0,-40.0,,,
2018-01-12T00:00:00,?,0.5,,,5505.0,-40.0,,,
2018-01-12T00:00:00,GHCND:USC00280907,1.3,0.0,-inf,9.4,0.6,7.8,,False
2018-01-12T00:00:00,GHCND:USC00280907,1.3,0.0,-inf,9.4,0.6,7.8,,False
2018-01-13T00:00:00,?,17.5,,,5505.0,-40.0,,,
2018-01-14T00:00:00,GHCND:USC00280907,0.0,0.0,-inf,2.2,-11.1,-11.1,,False
2018-01-14T00:00:00,?,0.0,0.0,-inf,5505.0,-40.0,,,
2018-01-14T00:00:00,?,0.0,0.0,-inf,5505.0,-40.0,,,
2018-01-14T00:00:00,GHCND:USC00280907,0.0,0.0,-inf,2.2,-11.1,-11.1,,False
2018-01-15T00:00:00,GHCND:USC00280907,0.0,0.0,-inf,-5.0,-11.7,-8.9,,False
2018-01-16T00:00:00,GHCND:USC00280907,0.0,0.0,-inf,-1.1,-9.4,-4.4,,False
2018-01-16T00:00:00,GHCND:USC00280907,0.0,0.0,-inf,-1.1,-9.4,-4.4,,False
2018-01-17T00:00:00,?,4.8,,,5505.0,-40.0,,,
2018-01-17T00:00:00,GHCND:USC00280907,3.0,25.0,inf,0.6,-5.0,0.0,,True
2018-01-17T00:00:00,GHCND:USC00280907,3.0,25.0,inf,0.6,-5.0,0.0,,True
2018-01-18T00:00:00,GHCND:USC00280907,1.3,13.0,inf,0.0,-11.1,-8.9,,True
2018-01-18T00:00:00,GHCND:USC00280907,1.3,13.0,inf,0.0,-11.1,-8.9,,True
2018-01-18T00:00:00,GHCND:USC00280907,1.3,13.0,inf,0.0,-11.1,-8.9,,True
2018-01-19T00:00:00,GHCND:USC00280907,0.0,0.0,-inf,-1.1,-11.7,-10.6,,False
2018-01-19T00:00:00,?,0.0,0.0,-inf,5505.0,-40.0,,,
2018-01-19T00:00:00,GHCND:USC00280907,0.0,0.0,-inf,-1.1,-11.7,-10.6,,False
2018-01-20T00:00:00,GHCND:USC00280907,0.0,0.0,-inf,2.8,-11.7,0.0,,False
2018-01-21T00:00:00,?,0.0,0.0,-inf,5505.0,-40.0,,,
2018-01-21T00:00:00,GHCND:USC00280907,0.0,0.0,-inf,8.3,-3.3,-2.2,,False
2018-01-22T00:00:00,?,0.3,,,5505.0,-40.0,,,
2018-01-23T00:00:00,GHCND:USC00280907,18.0,0.0,-inf,8.9,2.2,5.0,,False
2018-01-23T00:00:00,?,3.3,,,5505.0,-40.0,,,
2018-01-24T00:00:00,GHCND:USC00280907,3.3,0.0,-inf,13.3,3.3,4.4,,False
2018-01-24T00:00:00,?,5.3,,,5505.0,-40.0,,,
2018-01-25T00:00:00,?,0.0,0.0,-inf,5505.0,-40.0,,,
2018-01-25T00:00:00,GHCND:USC00280907,0.0,0.0,-inf,4.4,-6.7,-4.4,,False
2018-01-26T00:00:00,GHCND:USC00280907,0.0,0.0,-inf,0.0,-7.2,-6.1,,False
2018-01-26T00:00:00,?,0.0,0.0,-inf,5505.0,-40.0,,,
2018-01-26T00:00:00,?,0.0,0.0,-inf,5505.0,-40.0,,,
2018-01-27T00:00:00,?,0.0,0.0,-inf,5505.0,-40.0,,,
2018-01-28T00:00:00,GHCND:USC00280907,1.5,0.0,-inf,11.1,-5.0,5.0,,False
2018-01-28T00:00:00,GHCND:USC00280907,1.5,0.0,-inf,11.1,-5.0,5.0,,False
2018-01-30T00:00:00,?,1.5,13.0,inf,5505.0,-40.0,,1.8,True
2018-01-30T00:00:00,GHCND:USC00280907,0.0,0.0,-inf,6.7,-1.7,-0.6,,False
2018-01-31T00:00:00,GHCND:USC00280907,0.0,0.0,-inf,6.7,-10.0,-8.9,,False
2018-01-31T00:00:00,GHCND:USC00280907,0.0,0.0,-inf,6.7,-10.0,-8.9,,False
2018-02-01T00:00:00,?,0.0,0.0,-inf,5505.0,-40.0,,,
2018-02-01T00:00:00,?,0.0,0.0,-inf,5505.0,-40.0,,,
2018-02-02T00:00:00,?,3.8,0.0,-inf,5505.0,-40.0,,,
2018-02-02T00:00:00,?,3.8,0.0,-inf,5505.0,-40.0,,,
2018-02-05T00:00:00,?,21.8,,,5505.0,-40.0,,,
2018-02-05T00:00:00,?,21.8,,,5505.0,-40.0,,,
2018-02-05T00:00:00,GHCND:USC00280907,19.8,,,2.8,-3.9,2.2,,False
2018-02-05T00:00:00,GHCND:USC00280907,19.8,,,2.8,-3.9,2.2,,False
2018-02-05T00:00:00,?,21.8,,,5505.0,-40.0,,,
2018-02-05T00:00:00,GHCND:USC00280907,19.8,,,2.8,-3.9,2.2,,False
2018-02-06T00:00:00,?,0.0,0.0,-inf,5505.0,-40.0,,,
2018-02-08T00:00:00,GHCND:USC00280907,24.4,25.0,inf,3.3,-5.6,-5.6,,True
2018-02-08T00:00:00,GHCND:USC00280907,24.4,25.0,inf,3.3,-5.6,-5.6,,True
2018-02-08T00:00:00,?,24.6,,,5505.0,-40.0,,,
2018-02-09T00:00:00,?,0.0,0.0,-inf,5505.0,-40.0,,,
2018-02-09T00:00:00,GHCND:USC00280907,0.0,0.0,-inf,-1.1,-8.3,-8.3,,False
2018-02-09T00:00:00,?,0.0,0.0,-inf,5505.0,-40.0,,,
2018-02-09T00:00:00,GHCND:USC00280907,0.0,0.0,-inf,-1.1,-8.3,-8.3,,False
2018-02-10T00:00:00,GHCND:USC00280907,0.0,0.0,-inf,0.0,-8.3,0.0,,False
2018-02-10T00:00:00,GHCND:USC00280907,0.0,0.0,-inf,0.0,-8.3,0.0,,False
2018-02-10T00:00:00,?,0.0,0.0,-inf,5505.0,-40.0,,,
2018-02-10T00:00:00,GHCND:USC00280907,0.0,0.0,-inf,0.0,-8.3,0.0,,False
2018-02-11T00:00:00,GHCND:USC00280907,18.0,0.0,-inf,5.0,0.0,3.3,,False
2018-02-11T00:00:00,?,31.2,,,5505.0,-40.0,,,
2018-02-11T00:00:00,GHCND:USC00280907,18.0,0.0,-inf,5.0,0.0,3.3,,False
2018-02-12T00:00:00,GHCND:USC00280907,9.4,0.0,-inf,13.9,3.3,3.9,,False
2018-02-13T00:00:00,GHCND:USC00280907,0.0,0.0,-inf,5.6,-5.0,-4.4,,False
2018-02-13T00:00:00,GHCND:USC00280907,0.0,0.0,-inf,5.6,-5.0,-4.4,,False
2018-02-14T00:00:00,?,0.5,,,5505.0,-40.0,,,
2018-02-14T00:00:00,GHCND:USC00280907,0.5,0.0,-inf,2.2,-4.4,0.0,,False
2018-02-14T00:00:00,?,0.5,,,5505.0,-40.0,,,
2018-02-15T00:00:00,?,1.8,,,5505.0,-40.0,,,
2018-02-15T00:00:00,GHCND:USC00280907,0.5,0.0,-inf,9.4,-0.6,5.0,,False
2018-02-15T00:00:00,?,1.8,,,5505.0,-40.0,,,
2018-02-16T00:00:00,?,3.3,,,5505.0,-40.0,,,
2018-02-16T00:00:00,GHCND:USC00280907,3.3,0.0,-inf,13.3,3.3,10.0,,False
2018-02-16T00:00:00,GHCND:USC00280907,3.3,0.0,-inf,13.3,3.3,10.0,,False
2018-02-16T00:00:00,?,3.3,,,5505.0,-40.0,,,
2018-02-17T00:00:00,?,1.5,,,5505.0,-40.0,,,
2018-02-17T00:00:00,GHCND:USC00280907,0.0,0.0,-inf,13.3,-4.4,-3.3,,False
2018-02-18T00:00:00,GHCND:USC00280907,18.8,178.0,inf,3.9,-3.9,0.6,,True
2018-02-19T00:00:00,?,0.0,0.0,-inf,5505.0,-40.0,,,
2018-02-19T00:00:00,GHCND:USC00280907,0.0,,,5.6,-5.0,-3.3,,False
2018-02-20T00:00:00,GHCND:USC00280907,1.3,0.0,-inf,7.2,-3.3,7.2,,False
2018-02-21T00:00:00,GHCND:USC00280907,0.0,0.0,-inf,17.8,6.1,12.8,,False
2018-02-22T00:00:00,GHCND:USC00280907,8.6,0.0,-inf,23.9,5.6,5.6,,False
2018-02-22T00:00:00,?,6.1,,,5505.0,-40.0,,,
2018-02-23T00:00:00,GHCND:USC00280907,7.4,0.0,-inf,7.2,1.1,2.2,,False
2018-02-23T00:00:00,GHCND:USC00280907,7.4,0.0,-inf,7.2,1.1,2.2,,False
2018-02-23T00:00:00,?,6.1,,,5505.0,-40.0,,,
2018-02-25T00:00:00,?,21.3,,,5505.0,-40.0,,,
2018-02-25T00:00:00,GHCND:USC00280907,16.5,0.0,-inf,11.1,3.9,4.4,,False
2018-02-26T00:00:00,?,3.0,,,5505.0,-40.0,,,
2018-02-27T00:00:00,GHCND:USC00280907,0.0,0.0,-inf,10.6,0.0,0.0,,False
2018-02-27T00:00:00,GHCND:USC00280907,0.0,0.0,-inf,10.6,0.0,0.0,,False
2018-02-28T00:00:00,GHCND:USC00280907,0.0,0.0,-inf,12.2,0.0,0.0,,False
2018-02-28T00:00:00,?,0.0,0.0,-inf,5505.0,-40.0,,,
2018-02-28T00:00:00,?,0.0,0.0,-inf,5505.0,-40.0,,,
2018-03-01T00:00:00,GHCND:USC00280907,0.0,0.0,-inf,14.4,0.0,3.9,,False
2018-03-01T00:00:00,GHCND:USC00280907,0.0,0.0,-inf,14.4,0.0,3.9,,False
2018-03-01T00:00:00,GHCND:USC00280907,0.0,0.0,-inf,14.4,0.0,3.9,,False
2018-03-01T00:00:00,GHCND:USC00280907,0.0,0.0,-inf,14.4,0.0,3.9,,False
2018-03-03T00:00:00,GHCND:USC00280907,25.4,,,2.8,0.0,1.1,,False
2018-03-03T00:00:00,?,18.0,,,5505.0,-40.0,,,
2018-03-04T00:00:00,GHCND:USC00280907,0.0,0.0,-inf,6.1,1.1,2.8,,False
2018-03-04T00:00:00,GHCND:USC00280907,0.0,0.0,-inf,6.1,1.1,2.8,,False
2018-03-04T00:00:00,?,0.0,0.0,-inf,5505.0,-40.0,,,
2018-03-05T00:00:00,GHCND:USC00280907,0.0,0.0,-inf,5.6,-1.1,-1.1,,False
2018-03-05T00:00:00,?,0.0,0.0,-inf,5505.0,-40.0,,,
2018-03-06T00:00:00,GHCND:USC00280907,0.0,0.0,-inf,6.1,-2.2,-1.7,,False
2018-03-06T00:00:00,GHCND:USC00280907,0.0,0.0,-inf,6.1,-2.2,-1.7,,False
2018-03-06T00:00:00,?,0.0,0.0,-inf,5505.0,-40.0,,,
2018-03-06T00:00:00,GHCND:USC00280907,0.0,0.0,-inf,6.1,-2.2,-1.7,,False
2018-03-08T00:00:00,GHCND:USC00280907,48.8,,,1.1,-0.6,1.1,,False
2018-03-08T00:00:00,GHCND:USC00280907,48.8,,,1.1,-0.6,1.1,,False
2018-03-08T00:00:00,?,28.4,,,5505.0,-40.0,,28.7,
2018-03-08T00:00:00,GHCND:USC00280907,48.8,,,1.1,-0.6,1.1,,False
2018-03-09T00:00:00,?,0.0,0.0,-inf,5505.0,-40.0,,,
2018-03-09T00:00:00,?,0.0,0.0,-inf,5505.0,-40.0,,,
2018-03-10T00:00:00,GHCND:USC00280907,0.0,0.0,-inf,4.4,-1.7,0.0,,False
2018-03-10T00:00:00,?,0.0,0.0,-inf,5505.0,-40.0,,,
2018-03-12T00:00:00,GHCND:USC00280907,0.0,0.0,-inf,5.6,-3.9,-3.9,,False
2018-03-12T00:00:00,GHCND:USC00280907,0.0,0.0,-inf,5.6,-3.9,-3.9,,False
2018-03-13T00:00:00,GHCND:USC00280907,4.1,51.0,inf,5.6,-3.9,0.0,,True
2018-03-13T00:00:00,?,3.0,13.0,inf,5505.0,-40.0,,3.0,True
2018-03-14T00:00:00,?,0.0,0.0,-inf,5505.0,-40.0,,,
2018-03-15T00:00:00,GHCND:USC00280907,0.0,0.0,-inf,3.3,-2.2,-0.6,,False
2018-03-15T00:00:00,?,0.3,0.0,-inf,5505.0,-40.0,,,
2018-03-16T00:00:00,GHCND:USC00280907,0.0,0.0,-inf,6.7,-1.1,-0.6,,False
2018-03-16T00:00:00,?,1.8,,,5505.0,-40.0,,,
2018-03-17T00:00:00,GHCND:USC00280907,0.0,0.0,-inf,3.9,-3.9,-3.3,,False
2018-03-17T00:00:00,?,0.0,0.0,-inf,5505.0,-40.0,,,
2018-03-18T00:00:00,?,0.0,0.0,-inf,5505.0,-40.0,,,
2018-03-19T00:00:00,GHCND:USC00280907,0.0,0.0,-inf,5.0,-4.4,-3.3,,False
2018-03-19T00:00:00,?,0.0,0.0,-inf,5505.0,-40.0,,,
2018-03-19T00:00:00,?,0.0,0.0,-inf,5505.0,-40.0,,,
2018-03-20T00:00:00,?,0.0,0.0,-inf,5505.0,-40.0,,,
2018-03-21T00:00:00,?,6.6,114.0,inf,5505.0,-40.0,,8.6,True
2018-03-21T00:00:00,GHCND:USC00280907,0.0,0.0,-inf,2.8,-2.8,0.6,,False
2018-03-21T00:00:00,GHCND:USC00280907,0.0,0.0,-inf,2.8,-2.8,0.6,,False
2018-03-21T00:00:00,?,6.6,114.0,inf,5505.0,-40.0,,8.6,True
2018-03-22T00:00:00,GHCND:USC00280907,17.3,178.0,inf,1.7,-1.7,0.0,,True
2018-03-22T00:00:00,GHCND:USC00280907,17.3,178.0,inf,1.7,-1.7,0.0,,True
2018-03-23T00:00:00,GHCND:USC00280907,0.0,0.0,-inf,8.9,0.0,1.1,,False
2018-03-23T00:00:00,?,1.8,,,5505.0,-40.0,,,
2018-03-23T00:00:00,GHCND:USC00280907,0.0,0.0,-inf,8.9,0.0,1.1,,False
2018-03-25T00:00:00,?,0.0,0.0,-inf,5505.0,-40.0,,,
2018-03-25T00:00:00,GHCND:USC00280907,0.0,0.0,-inf,8.3,-1.1,-0.6,,False
2018-03-25T00:00:00,GHCND:USC00280907,0.0,0.0,-inf,8.3,-1.1,-0.6,,False
2018-03-26T00:00:00,GHCND:USC00280907,0.0,0.0,-inf,6.1,-3.9,-2.2,,False
2018-03-26T00:00:00,GHCND:USC00280907,0.0,0.0,-inf,6.1,-3.9,-2.2,,False
2018-03-26T00:00:00,GHCND:USC00280907,0.0,0.0,-inf,6.1,-3.9,-2.2,,False
2018-03-27T00:00:00,?,0.0,0.0,-inf,5505.0,-40.0,,,
2018-03-27T00:00:00,GHCND:USC00280907,0.0,0.0,-inf,10.0,-3.3,-3.3,,False
2018-03-27T00:00:00,?,0.0,0.0,-inf,5505.0,-40.0,,,
2018-03-29T00:00:00,GHCND:USC00280907,0.0,0.0,-inf,10.6,1.7,7.2,,False
2018-03-29T00:00:00,?,0.5,,,5505.0,-40.0,,,
2018-03-30T00:00:00,?,0.8,,,5505.0,-40.0,,,
2018-03-30T00:00:00,?,0.8,,,5505.0,-40.0,,,
2018-03-31T00:00:00,?,0.3,,,5505.0,-40.0,,,
2018-03-31T00:00:00,GHCND:USC00280907,1.0,0.0,-inf,13.3,1.7,2.8,,False
2018-03-31T00:00:00,GHCND:USC00280907,1.0,0.0,-inf,13.3,1.7,2.8,,False
2018-03-31T00:00:00,GHCND:USC00280907,1.0,0.0,-inf,13.3,1.7,2.8,,False
2018-04-02T00:00:00,GHCND:USC00280907,9.1,127.0,inf,12.8,-1.1,-1.1,,True
2018-04-02T00:00:00,?,14.0,152.0,inf,5505.0,-40.0,,15.2,True
2018-04-02T00:00:00,GHCND:USC00280907,9.1,127.0,inf,12.8,-1.1,-1.1,,True
2018-04-03T00:00:00,?,4.8,,,5505.0,-40.0,,,
2018-04-03T00:00:00,?,4.8,,,5505.0,-40.0,,,
2018-04-03T00:00:00,?,4.8,,,5505.0,-40.0,,,
2018-04-04T00:00:00,GHCND:USC00280907,11.4,0.0,-inf,3.9,-0.6,3.9,,False
2018-04-04T00:00:00,GHCND:USC00280907,11.4,0.0,-inf,3.9,-0.6,3.9,,False
2018-04-04T00:00:00,GHCND:USC00280907,11.4,0.0,-inf,3.9,-0.6,3.9,,False
2018-04-04T00:00:00,GHCND:USC00280907,11.4,0.0,-inf,3.9,-0.6,3.9,,False
2018-04-05T00:00:00,GHCND:USC00280907,0.3,0.0,-inf,11.7,-0.6,-0.6,,False
2018-04-05T00:00:00,?,0.0,0.0,-inf,5505.0,-40.0,,,
2018-04-06T00:00:00,?,0.3,,,5505.0,-40.0,,,
2018-04-07T00:00:00,GHCND:USC00280907,0.8,0.0,-inf,13.9,-1.7,2.8,,False
2018-04-07T00:00:00,?,0.5,,,5505.0,-40.0,,,
2018-04-08T00:00:00,?,0.0,0.0,-inf,5505.0,-40.0,,,
2018-04-08T00:00:00,?,0.0,0.0,-inf,5505.0,-40.0,,,
2018-04-09T00:00:00,GHCND:USC00280907,0.0,0.0,-inf,6.1,-2.2,-1.7,,False
2018-04-10T00:00:00,GHCND:USC00280907,0.5,0.0,-inf,8.9,-1.7,1.7,,False
2018-04-10T00:00:00,GHCND:USC00280907,0.5,0.0,-inf,8.9,-1.7,1.7,,False
2018-04-11T00:00:00,GHCND:USC00280907,0.0,0.0,-inf,8.9,-3.3,-3.3,,False
2018-04-12T00:00:00,?,0.0,0.0,-inf,5505.0,-40.0,,,
2018-04-12T00:00:00,GHCND:USC00280907,0.0,0.0,-inf,10.0,-3.3,2.2,,False
2018-04-12T00:00:00,?,0.0,0.0,-inf,5505.0,-40.0,,,
2018-04-12T00:00:00,?,0.0,0.0,-inf,5505.0,-40.0,,,
2018-04-13T00:00:00,?,0.0,0.0,-inf,5505.0,-40.0,,,
2018-04-13T00:00:00,?,0.0,0.0,-inf,5505.0,-40.0,,,
2018-04-14T00:00:00,?,0.0,0.0,-inf,5505.0,-40.0,,,
2018-04-14T00:00:00,GHCND:USC00280907,0.0,0.0,-inf,26.7,11.1,12.8,,False
2018-04-14T00:00:00,GHCND:USC00280907,0.0,0.0,-inf,26.7,11.1,12.8,,False
2018-04-14T00:00:00,GHCND:USC00280907,0.0,0.0,-inf,26.7,11.1,12.8,,False
2018-04-14T00:00:00,?,0.0,0.0,-inf,5505.0,-40.0,,,
2018-04-15T00:00:00,?,0.0,0.0,-inf,5505.0,-40.0,,,
2018-04-17T00:00:00,?,26.2,,,5505.0,-40.0,,,
2018-04-18T00:00:00,GHCND:USC00280907,0.0,0.0,-inf,7.2,2.2,2.8,,False
2018-04-18T00:00:00,GHCND:USC00280907,0.0,0.0,-inf,7.2,2.2,2.8,,False
2018-04-19T00:00:00,?,2.5,,,5505.0,-40.0,,,
2018-04-19T00:00:00,GHCND:USC00280907,6.9,0.0,-inf,11.1,2.8,3.9,,False
2018-04-19T00:00:00,?,2.5,,,5505.0,-40.0,,,
2018-04-20T00:00:00,GHCND:USC00280907,1.3,0.0,-inf,7.8,1.7,1.7,,False
2018-04-22T00:00:00,GHCND:USC00280907,0.0,0.0,-inf,15.6,4.4,7.8,,False
2018-04-22T00:00:00,?,0.0,0.0,-inf,5505.0,-40.0,,,
2018-04-22T00:00:00,GHCND:USC00280907,0.0,0.0,-inf,15.6,4.4,7.8,,False
2018-04-22T00:00:00,?,0.0,0.0,-inf,5505.0,-40.0,,,
2018-04-23T00:00:00,GHCND:USC00280907,0.0,0.0,-inf,18.3,1.1,1.7,,False
2018-04-24T00:00:00,?,0.0,0.0,-inf,5505.0,-40.0,,,
2018-04-25T00:00:00,GHCND:USC00280907,10.2,0.0,-inf,18.9,2.2,10.6,,False
2018-04-25T00:00:00,GHCND:USC00280907,10.2,0.0,-inf,18.9,2.2,10.6,,False
2018-04-25T00:00:00,GHCND:USC00280907,10.2,0.0,-inf,18.9,2.2,10.6,,False
2018-04-25T00:00:00,GHCND:USC00280907,10.2,0.0,-inf,18.9,2.2,10.6,,False
2018-04-26T00:00:00,GHCND:USC00280907,28.4,0.0,-inf,15.0,10.6,12.2,,False
2018-04-26T00:00:00,?,9.1,,,5505.0,-40.0,,,
2018-04-27T00:00:00,?,1.0,,,5505.0,-40.0,,,
2018-04-27T00:00:00,GHCND:USC00280907,0.0,0.0,-inf,20.0,8.9,10.6,,False
2018-04-27T00:00:00,?,1.0,,,5505.0,-40.0,,,
2018-04-28T00:00:00,GHCND:USC00280907,2.8,0.0,-inf,12.8,7.8,9.4,,False
2018-04-28T00:00:00,?,1.0,,,5505.0,-40.0,,,
2018-04-28T00:00:00,?,1.0,,,5505.0,-40.0,,,
2018-04-29T00:00:00,?,8.9,,,5505.0,-40.0,,,
2018-04-29T00:00:00,GHCND:USC00280907,9.4,0.0,-inf,21.1,8.9,8.9,,False
2018-04-29T00:00:00,GHCND:USC00280907,9.4,0.0,-inf,21.1,8.9,8.9,,False
2018-04-29T00:00:00,GHCND:USC00280907,9.4,0.0,-inf,21.1,8.9,8.9,,False
2018-04-30T00:00:00,GHCND:USC00280907,0.0,0.0,-inf,13.3,7.2,7.2,,False
2018-05-01T00:00:00,?,2.0,,,5505.0,-40.0,,,
2018-05-01T00:00:00,GHCND:USC00280907,1.3,0.0,-inf,9.4,3.3,3.9,,False
2018-05-01T00:00:00,?,2.0,,,5505.0,-40.0,,,
2018-05-02T00:00:00,GHCND:USC00280907,0.0,0.0,-inf,26.1,3.9,11.1,,False
2018-05-02T00:00:00,?,0.0,0.0,-inf,5505.0,-40.0,,,
2018-05-03T00:00:00,?,0.0,0.0,-inf,5505.0,-40.0,,,
2018-05-04T00:00:00,?,0.8,,,5505.0,-40.0,,,
2018-05-05T00:00:00,GHCND:USC00280907,0.0,0.0,-inf,28.3,15.0,15.0,,False
2018-05-05T00:00:00,GHCND:USC00280907,0.0,0.0,-inf,28.3,15.0,15.0,,False
2018-05-06T00:00:00,?,0.0,0.0,-inf,5505.0,-40.0,,,
2018-05-06T00:00:00,GHCND:USC00280907,0.8,0.0,-inf,23.9,13.9,13.9,,False
2018-05-06T00:00:00,GHCND:USC00280907,0.8,0.0,-inf,23.9,13.9,13.9,,False
2018-05-06T00:00:00,?,0.0,0.0,-inf,5505.0,-40.0,,,
2018-05-07T00:00:00,?,0.0,0.0,-inf,5505.0,-40.0,,,
2018-05-07T00:00:00,?,0.0,0.0,-inf,5505.0,-40.0,,,
2018-05-07T00:00:00,GHCND:USC00280907,5.6,0.0,-inf,16.7,9.4,9.4,,False
2018-05-07T00:00:00,?,0.0,0.0,-inf,5505.0,-40.0,,,
2018-05-08T00:00:00,?,0.0,0.0,-inf,5505.0,-40.0,,,
2018-05-09T00:00:00,?,0.0,0.0,-inf,5505.0,-40.0,,,
2018-05-10T00:00:00,?,0.0,0.0,-inf,5505.0,-40.0,,,
2018-05-10T00:00:00,GHCND:USC00280907,0.0,0.0,-inf,26.1,8.9,10.0,,False
2018-05-10T00:00:00,GHCND:USC00280907,0.0,0.0,-inf,26.1,8.9,10.0,,False
2018-05-11T00:00:00,?,8.9,,,5505.0,-40.0,,,
2018-05-11T00:00:00,GHCND:USC00280907,12.2,0.0,-inf,23.3,10.0,13.9,,False
2018-05-11T00:00:00,GHCND:USC00280907,12.2,0.0,-inf,23.3,10.0,13.9,,False
2018-05-11T00:00:00,?,8.9,,,5505.0,-40.0,,,
2018-05-12T00:00:00,?,4.8,,,5505.0,-40.0,,,
2018-05-12T00:00:00,?,4.8,,,5505.0,-40.0,,,
2018-05-12T00:00:00,?,4.8,,,5505.0,-40.0,,,
2018-05-12T00:00:00,GHCND:USC00280907,3.0,0.0,-inf,22.2,8.9,10.0,,False
2018-05-13T00:00:00,GHCND:USC00280907,5.1,0.0,-inf,12.8,9.4,10.6,,False
2018-05-13T00:00:00,?,2.0,,,5505.0,-40.0,,,
2018-05-14T00:00:00,GHCND:USC00280907,5.8,0.0,-inf,11.7,10.0,11.1,,False
2018-05-15T00:00:00,?,0.0,0.0,-inf,5505.0,-40.0,,,
2018-05-15T00:00:00,GHCND:USC00280907,0.5,0.0,-inf,23.3,10.6,17.8,,False
2018-05-17T00:00:00,?,13.7,,,5505.0,-40.0,,,
2018-05-17T00:00:00,?,13.7,,,5505.0,-40.0,,,
2018-05-18T00:00:00,?,0.8,,,5505.0,-40.0,,,
2018-05-19T00:00:00,?,9.7,,,5505.0,-40.0,,,
2018-05-19T00:00:00,GHCND:USC00280907,3.0,0.0,-inf,18.9,7.8,8.3,,False
2018-05-20T00:00:00,?,9.7,,,5505.0,-40.0,,,
2018-05-20T00:00:00,?,9.7,,,5505.0,-40.0,,,
2018-05-20T00:00:00,GHCND:USC00280907,15.2,0.0,-inf,14.4,7.8,13.9,,False
2018-05-20T00:00:00,?,9.7,,,5505.0,-40.0,,,
2018-05-20T00:00:00,?,9.7,,,5505.0,-40.0,,,
2018-05-20T00:00:00,?,9.7,,,5505.0,-40.0,,,
2018-05-21T00:00:00,?,0.0,0.0,-inf,5505.0,-40.0,,,
2018-05-21T00:00:00,?,0.0,0.0,-inf,5505.0,-40.0,,,
2018-05-21T00:00:00,GHCND:USC00280907,0.8,0.0,-inf,27.2,12.8,13.3,,False
2018-05-22T00:00:00,?,0.0,0.0,-inf,5505.0,-40.0,,,
2018-05-23T00:00:00,GHCND:USC00280907,16.8,0.0,-inf,19.4,13.3,16.1,,False
2018-05-23T00:00:00,?,17.0,,,5505.0,-40.0,,,
2018-05-24T00:00:00,?,0.0,0.0,-inf,5505.0,-40.0,,,
2018-05-24T00:00:00,GHCND:USC00280907,0.0,0.0,-inf,26.1,15.0,15.6,,False
2018-05-25T00:00:00,?,0.0,0.0,-inf,5505.0,-40.0,,,
2018-05-26T00:00:00,?,0.0,0.0,-inf,5505.0,-40.0,,,
2018-05-26T00:00:00,GHCND:USC00280907,0.0,0.0,-inf,29.4,13.9,20.0,,False
2018-05-26T00:00:00,GHCND:USC00280907,0.0,0.0,-inf,29.4,13.9,20.0,,False
2018-05-27T00:00:00,GHCND:USC00280907,1.3,0.0,-inf,31.7,18.3,18.3,,False
2018-05-27T00:00:00,?,9.4,,,5505.0,-40.0,,,
2018-05-27T00:00:00,?,9.4,,,5505.0,-40.0,,,
2018-05-27T00:00:00,?,9.4,,,5505.0,-40.0,,,
2018-05-28T00:00:00,?,0.5,,,5505.0,-40.0,,,
2018-05-28T00:00:00,?,0.5,,,5505.0,-40.0,,,
2018-05-28T00:00:00,?,0.5,,,5505.0,-40.0,,,
2018-05-29T00:00:00,?,0.0,0.0,-inf,5505.0,-40.0,,,
2018-05-30T00:00:00,?,0.0,0.0,-inf,5505.0,-40.0,,,
2018-05-30T00:00:00,?,0.0,0.0,-inf,5505.0,-40.0,,,
2018-05-30T00:00:00,?,0.0,0.0,-inf,5505.0,-40.0,,,
2018-05-30T00:00:00,?,0.0,0.0,-inf,5505.0,-40.0,,,
2018-05-31T00:00:00,?,0.0,0.0,-inf,5505.0,-40.0,,,
2018-05-31T00:00:00,?,0.0,0.0,-inf,5505.0,-40.0,,,
2018-05-31T00:00:00,GHCND:USC00280907,0.0,0.0,-inf,25.6,15.0,16.7,,False
2018-06-04T00:00:00,?,10.2,,,5505.0,-40.0,,,
2018-06-04T00:00:00,GHCND:USC00280907,16.8,0.0,-inf,18.9,10.6,11.1,,False
2018-06-04T00:00:00,GHCND:USC00280907,16.8,0.0,-inf,18.9,10.6,11.1,,False
2018-06-04T00:00:00,?,10.2,,,5505.0,-40.0,,,
2018-06-05T00:00:00,GHCND:USC00280907,0.0,0.0,-inf,23.3,11.1,12.2,,False
2018-06-05T00:00:00,?,0.0,0.0,-inf,5505.0,-40.0,,,
2018-06-06T00:00:00,GHCND:USC00280907,0.0,0.0,-inf,23.3,11.7,13.3,,False
2018-06-07T00:00:00,?,0.0,0.0,-inf,5505.0,-40.0,,,
2018-06-07T00:00:00,?,0.0,0.0,-inf,5505.0,-40.0,,,
2018-06-08T00:00:00,GHCND:USC00280907,0.0,0.0,-inf,22.2,11.7,13.3,,False
2018-06-08T00:00:00,GHCND:USC00280907,0.0,0.0,-inf,22.2,11.7,13.3,,False
2018-06-08T00:00:00,?,0.0,0.0,-inf,5505.0,-40.0,,,
2018-06-08T00:00:00,GHCND:USC00280907,0.0,0.0,-inf,22.2,11.7,13.3,,False
2018-06-08T00:00:00,?,0.0,0.0,-inf,5505.0,-40.0,,,
2018-06-09T00:00:00,?,0.0,0.0,-inf,5505.0,-40.0,,,
2018-06-09T00:00:00,?,0.0,0.0,-inf,5505.0,-40.0,,,
2018-06-09T00:00:00,?,0.0,0.0,-inf,5505.0,-40.0,,,
2018-06-10T00:00:00,GHCND:USC00280907,0.0,0.0,-inf,26.7,16.7,18.9,,False
2018-06-10T00:00:00,?,0.5,,,5505.0,-40.0,,,
2018-06-10T00:00:00,?,0.5,,,5505.0,-40.0,,,
2018-06-10T00:00:00,GHCND:USC00280907,0.0,0.0,-inf,26.7,16.7,18.9,,False
2018-06-11T00:00:00,?,1.3,,,5505.0,-40.0,,,
2018-06-12T00:00:00,?,0.0,0.0,-inf,5505.0,-40.0,,,
2018-06-12T00:00:00,?,0.0,0.0,-inf,5505.0,-40.0,,,
2018-06-13T00:00:00,GHCND:USC00280907,0.0,0.0,-inf,24.4,8.9,16.7,,False
2018-06-13T00:00:00,?,0.0,0.0,-inf,5505.0,-40.0,,,
2018-06-13T00:00:00,?,0.0,0.0,-inf,5505.0,-40.0,,,
2018-06-14T00:00:00,?,1.3,,,5505.0,-40.0,,,
2018-06-14T00:00:00,?,1.3,,,5505.0,-40.0,,,
2018-06-15T00:00:00,?,0.0,0.0,-inf,5505.0,-40.0,,,
2018-06-16T00:00:00,?,0.0,0.0,-inf,5505.0,-40.0,,,
2018-06-16T00:00:00,GHCND:USC00280907,0.0,0.0,-inf,25.0,12.8,16.1,,False
2018-06-16T00:00:00,GHCND:USC00280907,0.0,0.0,-inf,25.0,12.8,16.1,,False
2018-06-17T00:00:00,GHCND:USC00280907,0.0,0.0,-inf,28.3,13.3,15.0,,False
2018-06-18T00:00:00,?,0.0,0.0,-inf,5505.0,-40.0,,,
2018-06-18T00:00:00,GHCND:USC00280907,0.0,0.0,-inf,32.2,15.0,18.9,,False
2018-06-18T00:00:00,GHCND:USC00280907,0.0,0.0,-inf,32.2,15.0,18.9,,False
2018-06-18T00:00:00,GHCND:USC00280907,0.0,0.0,-inf,32.2,15.0,18.9,,False
2018-06-18T00:00:00,GHCND:USC00280907,0.0,0.0,-inf,32.2,15.0,18.9,,False
2018-06-19T00:00:00,GHCND:USC00280907,5.3,0.0,-inf,32.2,18.9,24.4,,False
2018-06-19T00:00:00,?,3.0,,,5505.0,-40.0,,,
2018-06-21T00:00:00,?,17.5,,,5505.0,-40.0,,,
2018-06-22T00:00:00,GHCND:USC00280907,0.0,0.0,-inf,29.4,18.3,18.3,,False
2018-06-23T00:00:00,?,1.8,,,5505.0,-40.0,,,
2018-06-24T00:00:00,?,0.0,,,5505.0,-40.0,,,
2018-06-24T00:00:00,GHCND:USC00280907,0.8,0.0,-inf,20.0,16.1,19.4,,False
2018-06-25T00:00:00,?,0.0,0.0,-inf,5505.0,-40.0,,,
2018-06-25T00:00:00,?,0.0,0.0,-inf,5505.0,-40.0,,,
2018-06-27T00:00:00,GHCND:USC00280907,0.0,0.0,-inf,26.1,14.4,15.6,,False
2018-06-27T00:00:00,?,0.0,0.0,-inf,5505.0,-40.0,,,
2018-06-27T00:00:00,?,0.0,0.0,-inf,5505.0,-40.0,,,
2018-06-27T00:00:00,GHCND:USC00280907,0.0,0.0,-inf,26.1,14.4,15.6,,False
2018-06-28T00:00:00,GHCND:USC00280907,16.0,0.0,-inf,22.8,15.6,21.1,,False
2018-06-28T00:00:00,GHCND:USC00280907,16.0,0.0,-inf,22.8,15.6,21.1,,False
2018-06-28T00:00:00,GHCND:USC00280907,16.0,0.0,-inf,22.8,15.6,21.1,,False
2018-06-28T00:00:00,?,16.3,,,5505.0,-40.0,,,
2018-06-29T00:00:00,GHCND:USC00280907,1.5,0.0,-inf,30.0,18.3,21.1,,False
2018-06-29T00:00:00,?,0.5,,,5505.0,-40.0,,,
2018-06-30T00:00:00,?,0.0,0.0,-inf,5505.0,-40.0,,,
2018-06-30T00:00:00,GHCND:USC00280907,0.0,0.0,-inf,32.2,19.4,21.1,,False
2018-06-30T00:00:00,?,0.0,0.0,-inf,5505.0,-40.0,,,
2018-07-01T00:00:00,?,0.0,0.0,-inf,5505.0,-40.0,,,
2018-07-02T00:00:00,?,0.0,0.0,-inf,5505.0,-40.0,,,
2018-07-02T00:00:00,GHCND:USC00280907,0.0,0.0,-inf,35.0,20.0,21.1,,False
2018-07-03T00:00:00,?,0.0,0.0,-inf,5505.0,-40.0,,,
2018-07-04T00:00:00,?,16.8,,,5505.0,-40.0,,,
2018-07-04T00:00:00,GHCND:USC00280907,2.8,0.0,-inf,35.0,22.8,25.0,,False
2018-07-05T00:00:00,?,0.0,0.0,-inf,5505.0,-40.0,,,
2018-07-05T00:00:00,?,0.0,0.0,-inf,5505.0,-40.0,,,
2018-07-05T00:00:00,?,0.0,0.0,-inf,5505.0,-40.0,,,
2018-07-05T00:00:00,GHCND:USC00280907,2.5,0.0,-inf,32.2,22.2,23.9,,False
2018-07-05T00:00:00,GHCND:USC00280907,2.5,0.0,-inf,32.2,22.2,23.9,,False
2018-07-05T00:00:00,?,0.0,0.0,-inf,5505.0,-40.0,,,
2018-07-05T00:00:00,?,0.0,0.0,-inf,5505.0,-40.0,,,
2018-07-05T00:00:00,?,0.0,0.0,-inf,5505.0,-40.0,,,
2018-07-06T00:00:00,GHCND:USC00280907,0.0,0.0,-inf,32.8,23.9,25.0,,False
2018-07-07T00:00:00,?,1.0,,,5505.0,-40.0,,,
2018-07-07T00:00:00,GHCND:USC00280907,0.3,0.0,-inf,28.3,13.3,15.0,,False
2018-07-08T00:00:00,GHCND:USC00280907,0.0,0.0,-inf,26.1,11.7,13.3,,False
2018-07-08T00:00:00,?,0.0,0.0,-inf,5505.0,-40.0,,,
2018-07-08T00:00:00,GHCND:USC00280907,0.0,0.0,-inf,26.1,11.7,13.3,,False
2018-07-08T00:00:00,?,0.0,0.0,-inf,5505.0,-40.0,,,
2018-07-09T00:00:00,?,0.0,0.0,-inf,5505.0,-40.0,,,
2018-07-09T00:00:00,GHCND:USC00280907,0.0,0.0,-inf,29.4,13.3,15.0,,False
2018-07-10T00:00:00,?,0.0,0.0,-inf,5505.0,-40.0,,,
2018-07-11T00:00:00,?,0.0,0.0,-inf,5505.0,-40.0,,,
2018-07-11T00:00:00,?,0.0,0.0,-inf,5505.0,-40.0,,,
2018-07-11T00:00:00,?,0.0,0.0,-inf,5505.0,-40.0,,,
2018-07-11T00:00:00,?,0.0,0.0,-inf,5505.0,-40.0,,,
2018-07-11T00:00:00,GHCND:USC00280907,0.0,0.0,-inf,33.3,17.2,21.7,,False
2018-07-12T00:00:00,GHCND:USC00280907,0.0,0.0,-inf,30.0,18.9,20.0,,False
2018-07-12T00:00:00,?,0.0,0.0,-inf,5505.0,-40.0,,,
2018-07-13T00:00:00,?,0.0,0.0,-inf,5505.0,-40.0,,,
2018-07-14T00:00:00,?,0.0,0.0,-inf,5505.0,-40.0,,,
2018-07-14T00:00:00,GHCND:USC00280907,0.0,0.0,-inf,31.1,15.6,22.2,,False
2018-07-15T00:00:00,GHCND:USC00280907,18.3,0.0,-inf,31.7,20.6,21.1,,False
2018-07-15T00:00:00,?,14.7,,,5505.0,-40.0,,,
2018-07-15T00:00:00,GHCND:USC00280907,18.3,0.0,-inf,31.7,20.6,21.1,,False
2018-07-16T00:00:00,?,0.0,0.0,-inf,5505.0,-40.0,,,
2018-07-17T00:00:00,GHCND:USC00280907,0.0,0.0,-inf,32.8,21.1,23.3,,False
2018-07-18T00:00:00,GHCND:USC00280907,32.5,0.0,-inf,31.1,16.1,18.9,,False
2018-07-20T00:00:00,?,0.0,0.0,-inf,5505.0,-40.0,,,
2018-07-22T00:00:00,?,29.0,,,5505.0,-40.0,,,
2018-07-22T00:00:00,GHCND:USC00280907,44.5,0.0,-inf,26.7,16.7,21.7,,False
2018-07-22T00:00:00,GHCND:USC00280907,44.5,0.0,-inf,26.7,16.7,21.7,,False
2018-07-23T00:00:00,?,12.7,,,5505.0,-40.0,,,
2018-07-24T00:00:00,?,2.3,,,5505.0,-40.0,,,
2018-07-24T00:00:00,GHCND:USC00280907,11.4,0.0,-inf,28.3,23.3,24.4,,False
2018-07-24T00:00:00,GHCND:USC00280907,11.4,0.0,-inf,28.3,23.3,24.4,,False
2018-07-26T00:00:00,?,5.1,,,5505.0,-40.0,,,
2018-07-26T00:00:00,GHCND:USC00280907,24.9,0.0,-inf,27.2,21.7,21.7,,False
2018-07-27T00:00:00,GHCND:USC00280907,0.0,0.0,-inf,31.1,19.4,20.0,,False
2018-07-27T00:00:00,GHCND:USC00280907,0.0,0.0,-inf,31.1,19.4,20.0,,False
2018-07-28T00:00:00,?,14.0,,,5505.0,-40.0,,,
2018-07-28T00:00:00,?,14.0,,,5505.0,-40.0,,,
2018-07-28T00:00:00,?,14.0,,,5505.0,-40.0,,,
2018-07-28T00:00:00,?,14.0,,,5505.0,-40.0,,,
2018-07-28T00:00:00,GHCND:USC00280907,23.4,0.0,-inf,30.0,19.4,20.0,,False
2018-07-29T00:00:00,GHCND:USC00280907,0.0,0.0,-inf,29.4,18.9,18.9,,False
2018-07-29T00:00:00,GHCND:USC00280907,0.0,0.0,-inf,29.4,18.9,18.9,,False
2018-07-30T00:00:00,?,0.0,0.0,-inf,5505.0,-40.0,,,
2018-07-30T00:00:00,?,0.0,0.0,-inf,5505.0,-40.0,,,
2018-07-30T00:00:00,GHCND:USC00280907,0.0,0.0,-inf,29.4,15.6,16.7,,False
2018-07-31T00:00:00,GHCND:USC00280907,0.0,0.0,-inf,25.6,16.1,20.0,,False
2018-08-01T00:00:00,?,4.3,,,5505.0,-40.0,,,
2018-08-01T00:00:00,?,4.3,,,5505.0,-40.0,,,
2018-08-01T00:00:00,?,4.3,,,5505.0,-40.0,,,
2018-08-01T00:00:00,?,4.3,,,5505.0,-40.0,,,
2018-08-01T00:00:00,GHCND:USC00280907,0.3,0.0,-inf,28.3,20.0,21.1,,False
2018-08-02T00:00:00,GHCND:USC00280907,17.5,0.0,-inf,30.0,20.6,24.4,,False
2018-08-02T00:00:00,GHCND:USC00280907,17.5,0.0,-inf,30.0,20.6,24.4,,False
2018-08-03T00:00:00,?,2.8,,,5505.0,-40.0,,,
2018-08-03T00:00:00,GHCND:USC00280907,34.5,0.0,-inf,30.0,21.7,22.8,,False
2018-08-04T00:00:00,GHCND:USC00280907,50.5,0.0,-inf,30.6,21.1,21.1,,False
2018-08-05T00:00:00,?,0.0,0.0,-inf,5505.0,-40.0,,,
2018-08-06T00:00:00,GHCND:USC00280907,0.0,0.0,-inf,33.3,21.7,22.2,,False
2018-08-07T00:00:00,?,0.0,0.0,-inf,5505.0,-40.0,,,
2018-08-07T00:00:00,?,0.0,0.0,-inf,5505.0,-40.0,,,
2018-08-08T00:00:00,?,3.0,,,5505.0,-40.0,,,
2018-08-08T00:00:00,?,3.0,,,5505.0,-40.0,,,
2018-08-09T00:00:00,?,41.1,,,5505.0,-40.0,,,
2018-08-09T00:00:00,?,41.1,,,5505.0,-40.0,,,
2018-08-09T00:00:00,?,41.1,,,5505.0,-40.0,,,
2018-08-09T00:00:00,?,41.1,,,5505.0,-40.0,,,
2018-08-09T00:00:00,GHCND:USC00280907,9.9,0.0,-inf,32.8,21.1,22.2,,False
2018-08-09T00:00:00,GHCND:USC00280907,9.9,0.0,-inf,32.8,21.1,22.2,,False
2018-08-09T00:00:00,GHCND:USC00280907,9.9,0.0,-inf,32.8,21.1,22.2,,False
2018-08-10T00:00:00,?,0.0,0.0,-inf,5505.0,-40.0,,,
2018-08-10T00:00:00,GHCND:USC00280907,0.0,0.0,-inf,30.6,18.3,18.9,,False
2018-08-10T00:00:00,GHCND:USC00280907,0.0,0.0,-inf,30.6,18.3,18.9,,False
2018-08-10T00:00:00,GHCND:USC00280907,0.0,0.0,-inf,30.6,18.3,18.9,,False
2018-08-11T00:00:00,GHCND:USC00280907,0.3,0.0,-inf,30.6,18.3,21.7,,False
2018-08-11T00:00:00,GHCND:USC00280907,0.3,0.0,-inf,30.6,18.3,21.7,,False
2018-08-13T00:00:00,GHCND:USC00280907,2.3,0.0,-inf,28.3,20.6,21.7,,False
2018-08-13T00:00:00,GHCND:USC00280907,2.3,0.0,-inf,28.3,20.6,21.7,,False
2018-08-14T00:00:00,GHCND:USC00280907,11.9,0.0,-inf,22.8,20.0,20.6,,False
2018-08-14T00:00:00,GHCND:USC00280907,11.9,0.0,-inf,22.8,20.0,20.6,,False
2018-08-14T00:00:00,GHCND:USC00280907,11.9,0.0,-inf,22.8,20.0,20.6,,False
2018-08-15T00:00:00,GHCND:USC00280907,7.4,0.0,-inf,26.7,20.6,21.1,,False
2018-08-17T00:00:00,GHCND:USC00280907,0.0,0.0,-inf,31.7,21.1,21.7,,False
2018-08-18T00:00:00,GHCND:USC00280907,32.5,0.0,-inf,31.7,21.1,22.2,,False
2018-08-18T00:00:00,GHCND:USC00280907,32.5,0.0,-inf,31.7,21.1,22.2,,False
2018-08-18T00:00:00,GHCND:USC00280907,32.5,0.0,-inf,31.7,21.1,22.2,,False
2018-08-19T00:00:00,GHCND:USC00280907,13.0,0.0,-inf,30.0,19.4,19.4,,False
2018-08-19T00:00:00,GHCND:USC00280907,13.0,0.0,-inf,30.0,19.4,19.4,,False
2018-08-19T00:00:00,?,3.6,,,5505.0,-40.0,,,
2018-08-19T00:00:00,GHCND:USC00280907,13.0,0.0,-inf,30.0,19.4,19.4,,False
2018-08-20T00:00:00,GHCND:USC00280907,1.0,0.0,-inf,22.2,18.3,18.3,,False
2018-08-20T00:00:00,?,0.3,,,5505.0,-40.0,,,
2018-08-20T00:00:00,?,0.3,,,5505.0,-40.0,,,
2018-08-21T00:00:00,GHCND:USC00280907,0.0,0.0,-inf,23.3,17.2,17.8,,False
2018-08-22T00:00:00,GHCND:USC00280907,19.8,0.0,-inf,25.6,17.8,21.1,,False
2018-08-23T00:00:00,GHCND:USC00280907,0.5,0.0,-inf,28.9,17.8,18.3,,False
2018-08-23T00:00:00,?,0.5,,,5505.0,-40.0,,,
2018-08-24T00:00:00,GHCND:USC00280907,0.0,0.0,-inf,24.4,13.3,13.3,,False
2018-08-24T00:00:00,?,0.0,0.0,-inf,5505.0,-40.0,,,
2018-08-24T00:00:00,?,0.0,0.0,-inf,5505.0,-40.0,,,
2018-08-25T00:00:00,GHCND:USC00280907,0.0,0.0,-inf,28.3,13.3,17.2,,False
2018-08-25T00:00:00,?,0.0,0.0,-inf,5505.0,-40.0,,,
2018-08-26T00:00:00,?,0.0,0.0,-inf,5505.0,-40.0,,,
2018-08-26T00:00:00,?,0.0,0.0,-inf,5505.0,-40.0,,,
2018-08-27T00:00:00,?,0.0,0.0,-inf,5505.0,-40.0,,,
2018-08-28T00:00:00,?,0.0,0.0,-inf,5505.0,-40.0,,,
2018-08-28T00:00:00,?,0.0,0.0,-inf,5505.0,-40.0,,,
2018-08-29T00:00:00,GHCND:USC00280907,0.0,0.0,-inf,33.9,22.8,26.1,,False
2018-08-29T00:00:00,GHCND:USC00280907,0.0,0.0,-inf,33.9,22.8,26.1,,False
2018-08-29T00:00:00,?,0.0,0.0,-inf,5505.0,-40.0,,,
2018-08-30T00:00:00,?,0.0,0.0,-inf,5505.0,-40.0,,,
2018-08-30T00:00:00,GHCND:USC00280907,0.0,0.0,-inf,33.3,23.9,26.1,,False
2018-08-31T00:00:00,GHCND:USC00280907,0.0,0.0,-inf,33.3,21.1,21.7,,False
2018-09-01T00:00:00,?,5.8,,,5505.0,-40.0,,,
2018-09-01T00:00:00,?,5.8,,,5505.0,-40.0,,,
2018-09-01T00:00:00,GHCND:USC00280907,32.5,0.0,-inf,22.2,18.3,18.9,,False
2018-09-01T00:00:00,GHCND:USC00280907,32.5,0.0,-inf,22.2,18.3,18.9,,False
2018-09-01T00:00:00,?,5.8,,,5505.0,-40.0,,,
2018-09-01T00:00:00,GHCND:USC00280907,32.5,0.0,-inf,22.2,18.3,18.9,,False
2018-09-02T00:00:00,?,0.3,,,5505.0,-40.0,,,
2018-09-02T00:00:00,GHCND:USC00280907,0.3,0.0,-inf,25.6,16.7,17.8,,False
2018-09-02T00:00:00,?,0.3,,,5505.0,-40.0,,,
2018-09-02T00:00:00,?,0.3,,,5505.0,-40.0,,,
2018-09-03T00:00:00,?,0.0,0.0,-inf,5505.0,-40.0,,,
2018-09-03T00:00:00,GHCND:USC00280907,0.0,0.0,-inf,28.3,17.8,23.9,,False
2018-09-03T00:00:00,?,0.0,0.0,-inf,5505.0,-40.0,,,
2018-09-04T00:00:00,?,0.0,0.0,-inf,5505.0,-40.0,,,
2018-09-04T00:00:00,GHCND:USC00280907,0.0,0.0,-inf,32.8,21.7,22.8,,False
2018-09-04T00:00:00,?,0.0,0.0,-inf,5505.0,-40.0,,,
2018-09-05T00:00:00,GHCND:USC00280907,0.0,0.0,-inf,32.8,20.6,21.1,,False
2018-09-05T00:00:00,?,0.0,0.0,-inf,5505.0,-40.0,,,
2018-09-07T00:00:00,GHCND:USC00280907,15.7,0.0,-inf,34.4,21.7,22.8,,False
2018-09-08T00:00:00,?,0.0,,,5505.0,-40.0,,,
2018-09-09T00:00:00,GHCND:USC00280907,2.8,0.0,-inf,19.4,11.7,11.7,,False
2018-09-10T00:00:00,?,23.9,,,5505.0,-40.0,,,
2018-09-10T00:00:00,GHCND:USC00280907,26.4,0.0,-inf,13.9,10.6,11.1,,False
2018-09-10T00:00:00,?,23.9,,,5505.0,-40.0,,,
2018-09-11T00:00:00,?,12.7,,,5505.0,-40.0,,,
2018-09-12T00:00:00,?,0.8,,,5505.0,-40.0,,,
2018-09-12T00:00:00,GHCND:USC00280907,1.3,0.0,-inf,22.8,15.6,21.1,,False
2018-09-12T00:00:00,GHCND:USC00280907,1.3,0.0,-inf,22.8,15.6,21.1,,False
2018-09-12T00:00:00,GHCND:USC00280907,1.3,0.0,-inf,22.8,15.6,21.1,,False
2018-09-13T00:00:00,?,5.3,,,5505.0,-40.0,,,
2018-09-13T00:00:00,GHCND:USC00280907,4.3,0.0,-inf,24.4,20.6,20.6,,False
2018-09-13T00:00:00,GHCND:USC00280907,4.3,0.0,-inf,24.4,20.6,20.6,,False
2018-09-13T00:00:00,?,5.3,,,5505.0,-40.0,,,
2018-09-14T00:00:00,?,0.5,,,5505.0,-40.0,,,
2018-09-14T00:00:00,GHCND:USC00280907,0.0,0.0,-inf,25.0,19.4,19.4,,False
2018-09-14T00:00:00,GHCND:USC00280907,0.0,0.0,-inf,25.0,19.4,19.4,,False
2018-09-16T00:00:00,GHCND:USC00280907,0.0,0.0,-inf,27.2,15.6,16.7,,False
2018-09-17T00:00:00,GHCND:USC00280907,0.0,0.0,-inf,30.0,16.7,16.7,,False
2018-09-19T00:00:00,GHCND:USC00280907,3.3,0.0,-inf,26.1,17.8,19.4,,False
2018-09-19T00:00:00,GHCND:USC00280907,3.3,0.0,-inf,26.1,17.8,19.4,,False
2018-09-20T00:00:00,GHCND:USC00280907,0.0,0.0,-inf,28.3,17.2,17.2,,False
2018-09-21T00:00:00,?,0.3,,,5505.0,-40.0,,,
2018-09-21T00:00:00,GHCND:USC00280907,0.0,0.0,-inf,21.1,17.2,18.3,,False
2018-09-21T00:00:00,GHCND:USC00280907,0.0,0.0,-inf,21.1,17.2,18.3,,False
2018-09-22T00:00:00,?,0.0,,,5505.0,-40.0,,,
2018-09-22T00:00:00,GHCND:USC00280907,0.0,0.0,-inf,23.3,18.3,21.7,,False
2018-09-22T00:00:00,GHCND:USC00280907,0.0,0.0,-inf,23.3,18.3,21.7,,False
2018-09-23T00:00:00,GHCND:USC00280907,0.0,0.0,-inf,21.7,12.8,13.9,,False
2018-09-23T00:00:00,?,0.0,0.0,-inf,5505.0,-40.0,,,
2018-09-23T00:00:00,GHCND:USC00280907,0.0,0.0,-inf,21.7,12.8,13.9,,False
2018-09-23T00:00:00,GHCND:USC00280907,0.0,0.0,-inf,21.7,12.8,13.9,,False
2018-09-23T00:00:00,GHCND:USC00280907,0.0,0.0,-inf,21.7,12.8,13.9,,False
2018-09-24T00:00:00,GHCND:USC00280907,0.0,0.0,-inf,18.3,13.9,17.2,,False
2018-09-24T00:00:00,?,0.0,,,5505.0,-40.0,,,
2018-09-25T00:00:00,?,14.0,,,5505.0,-40.0,,,
2018-09-25T00:00:00,?,14.0,,,5505.0,-40.0,,,
2018-09-26T00:00:00,GHCND:USC00280907,61.7,0.0,-inf,19.4,11.7,19.4,,False
2018-09-27T00:00:00,GHCND:USC00280907,2.3,0.0,-inf,27.2,14.4,14.4,,False
2018-09-27T00:00:00,GHCND:USC00280907,2.3,0.0,-inf,27.2,14.4,14.4,,False
2018-09-28T00:00:00,?,29.2,,,5505.0,-40.0,,,
2018-09-28T00:00:00,GHCND:USC00280907,29.5,0.0,-inf,21.1,13.9,14.4,,False
2018-09-28T00:00:00,GHCND:USC00280907,29.5,0.0,-inf,21.1,13.9,14.4,,False
2018-09-28T00:00:00,?,29.2,,,5505.0,-40.0,,,
2018-09-30T00:00:00,GHCND:USC00280907,0.0,0.0,-inf,22.2,8.9,8.9,,False
2018-10-01T00:00:00,GHCND:USC00280907,0.0,0.0,-inf,21.1,8.9,13.9,,False
2018-10-02T00:00:00,GHCND:USC00280907,0.0,0.0,-inf,23.9,13.9,17.2,,False
2018-10-02T00:00:00,GHCND:USC00280907,0.0,0.0,-inf,23.9,13.9,17.2,,False
2018-10-03T00:00:00,GHCND:USC00280907,19.6,0.0,-inf,25.0,15.6,16.1,,False
2018-10-03T00:00:00,GHCND:USC00280907,19.6,0.0,-inf,25.0,15.6,16.1,,False
2018-10-04T00:00:00,GHCND:USC00280907,0.0,0.0,-inf,22.8,11.7,11.7,,False
2018-10-04T00:00:00,GHCND:USC00280907,0.0,0.0,-inf,22.8,11.7,11.7,,False
2018-10-04T00:00:00,GHCND:USC00280907,0.0,0.0,-inf,22.8,11.7,11.7,,False
2018-10-04T00:00:00,?,0.3,,,5505.0,-40.0,,,
2018-10-04T00:00:00,GHCND:USC00280907,0.0,0.0,-inf,22.8,11.7,11.7,,False
2018-10-05T00:00:00,GHCND:USC00280907,4.6,0.0,-inf,23.3,11.7,18.9,,False
2018-10-08T00:00:00,?,0.5,,,5505.0,-40.0,,,
2018-10-08T00:00:00,GHCND:USC00280907,0.0,0.0,-inf,26.7,17.8,17.8,,False
2018-10-09T00:00:00,GHCND:USC00280907,2.5,0.0,-inf,18.9,17.2,17.8,,False
2018-10-10T00:00:00,GHCND:USC00280907,0.8,0.0,-inf,24.4,17.2,18.3,,False
2018-10-10T00:00:00,?,0.3,,,5505.0,-40.0,,,
2018-10-10T00:00:00,?,0.3,,,5505.0,-40.0,,,
2018-10-10T00:00:00,GHCND:USC00280907,0.8,0.0,-inf,24.4,17.2,18.3,,False
2018-10-10T00:00:00,?,0.3,,,5505.0,-40.0,,,
2018-10-10T00:00:00,GHCND:USC00280907,0.8,0.0,-inf,24.4,17.2,18.3,,False
2018-10-11T00:00:00,?,0.0,,,5505.0,-40.0,,,
2018-10-12T00:00:00,GHCND:USC00280907,27.9,0.0,-inf,22.8,14.4,15.6,,False
2018-10-12T00:00:00,?,25.7,,,5505.0,-40.0,,,
2018-10-12T00:00:00,GHCND:USC00280907,27.9,0.0,-inf,22.8,14.4,15.6,,False
2018-10-12T00:00:00,?,25.7,,,5505.0,-40.0,,,
2018-10-12T00:00:00,GHCND:USC00280907,27.9,0.0,-inf,22.8,14.4,15.6,,False
2018-10-13T00:00:00,?,2.3,,,5505.0,-40.0,,,
2018-10-14T00:00:00,?,0.5,,,5505.0,-40.0,,,
2018-10-14T00:00:00,GHCND:USC00280907,2.8,0.0,-inf,13.3,5.6,6.7,,False
2018-10-14T00:00:00,GHCND:USC00280907,2.8,0.0,-inf,13.3,5.6,6.7,,False
2018-10-15T00:00:00,GHCND:USC00280907,1.5,0.0,-inf,13.3,6.7,10.0,,False
2018-10-15T00:00:00,GHCND:USC00280907,1.5,0.0,-inf,13.3,6.7,10.0,,False
2018-10-15T00:00:00,GHCND:USC00280907,1.5,0.0,-inf,13.3,6.7,10.0,,False
2018-10-15T00:00:00,GHCND:USC00280907,1.5,0.0,-inf,13.3,6.7,10.0,,False
2018-10-16T00:00:00,?,1.3,,,5505.0,-40.0,,,
2018-10-18T00:00:00,GHCND:USC00280907,0.0,0.0,-inf,16.1,4.4,5.0,,False
2018-10-19T00:00:00,?,0.0,0.0,-inf,5505.0,-40.0,,,
2018-10-19T00:00:00,?,0.0,0.0,-inf,5505.0,-40.0,,,
2018-10-19T00:00:00,GHCND:USC00280907,0.0,0.0,-inf,10.0,-1.1,0.0,,False
2018-10-20T00:00:00,GHCND:USC00280907,0.5,0.0,-inf,15.0,-0.6,10.6,,False
2018-10-20T00:00:00,?,1.0,,,5505.0,-40.0,,,
2018-10-21T00:00:00,GHCND:USC00280907,1.3,0.0,-inf,16.7,7.8,7.8,,False
2018-10-21T00:00:00,GHCND:USC00280907,1.3,0.0,-inf,16.7,7.8,7.8,,False
2018-10-21T00:00:00,GHCND:USC00280907,1.3,0.0,-inf,16.7,7.8,7.8,,False
2018-10-22T00:00:00,GHCND:USC00280907,0.0,0.0,-inf,7.8,-1.1,-1.1,,False
2018-10-23T00:00:00,GHCND:USC00280907,0.0,0.0,-inf,15.6,-1.1,10.0,,False
2018-10-23T00:00:00,?,0.0,0.0,-inf,5505.0,-40.0,,,
2018-10-24T00:00:00,GHCND:USC00280907,0.0,0.0,-inf,16.7,4.4,6.7,,False
2018-10-25T00:00:00,GHCND:USC00280907,0.0,0.0,-inf,11.7,2.8,2.8,,False
2018-10-25T00:00:00,GHCND:USC00280907,0.0,0.0,-inf,11.7,2.8,2.8,,False
2018-10-26T00:00:00,GHCND:USC00280907,0.0,0.0,-inf,9.4,-0.6,-0.6,,False
2018-10-26T00:00:00,GHCND:USC00280907,0.0,0.0,-inf,9.4,-0.6,-0.6,,False
2018-10-27T00:00:00,?,13.2,,,5505.0,-40.0,,,
2018-10-27T00:00:00,GHCND:USC00280907,11.9,0.0,-inf,8.9,-0.6,6.1,,False
2018-10-27T00:00:00,?,13.2,,,5505.0,-40.0,,,
2018-10-28T00:00:00,?,25.9,,,5505.0,-40.0,,,
2018-10-28T00:00:00,GHCND:USC00280907,11.2,0.0,-inf,8.3,5.0,7.2,,False
2018-10-28T00:00:00,?,25.9,,,5505.0,-40.0,,,
2018-10-28T00:00:00,GHCND:USC00280907,11.2,0.0,-inf,8.3,5.0,7.2,,False
2018-10-28T00:00:00,?,25.9,,,5505.0,-40.0,,,
2018-10-28T00:00:00,?,25.9,,,5505.0,-40.0,,,
2018-10-29T00:00:00,GHCND:USC00280907,3.3,0.0,-inf,10.6,6.7,8.3,,False
2018-10-29T00:00:00,?,1.3,,,5505.0,-40.0,,,
2018-10-30T00:00:00,?,0.0,,,5505.0,-40.0,,,
2018-10-31T00:00:00,GHCND:USC00280907,0.0,0.0,-inf,12.2,0.0,0.0,,False
2018-10-31T00:00:00,?,0.0,0.0,-inf,5505.0,-40.0,,,
2018-11-02T00:00:00,GHCND:USC00280907,1.0,0.0,-inf,21.1,8.9,19.4,,False
2018-11-02T00:00:00,GHCND:USC00280907,1.0,0.0,-inf,21.1,8.9,19.4,,False
2018-11-03T00:00:00,?,17.5,,,5505.0,-40.0,,,
2018-11-03T00:00:00,?,17.5,,,5505.0,-40.0,,,
2018-11-03T00:00:00,GHCND:USC00280907,43.9,0.0,-inf,21.7,12.8,13.3,,False
2018-11-03T00:00:00,GHCND:USC00280907,43.9,0.0,-inf,21.7,12.8,13.3,,False
2018-11-04T00:00:00,GHCND:USC00280907,1.0,0.0,-inf,13.3,1.7,6.7,,False
2018-11-04T00:00:00,?,0.3,0.0,-inf,5505.0,-40.0,,,
2018-11-04T00:00:00,?,0.3,0.0,-inf,5505.0,-40.0,,,
2018-11-04T00:00:00,GHCND:USC00280907,1.0,0.0,-inf,13.3,1.7,6.7,,False
2018-11-04T00:00:00,GHCND:USC00280907,1.0,0.0,-inf,13.3,1.7,6.7,,False
2018-11-05T00:00:00,?,1.3,,,5505.0,-40.0,,,
2018-11-05T00:00:00,?,1.3,,,5505.0,-40.0,,,
2018-11-06T00:00:00,GHCND:USC00280907,7.6,0.0,-inf,10.6,7.2,8.3,,False
2018-11-06T00:00:00,GHCND:USC00280907,7.6,0.0,-inf,10.6,7.2,8.3,,False
2018-11-06T00:00:00,GHCND:USC00280907,7.6,0.0,-inf,10.6,7.2,8.3,,False
2018-11-07T00:00:00,?,20.8,,,5505.0,-40.0,,,
2018-11-07T00:00:00,GHCND:USC00280907,14.2,0.0,-inf,13.3,6.1,6.1,,False
2018-11-07T00:00:00,?,20.8,,,5505.0,-40.0,,,
2018-11-07T00:00:00,?,20.8,,,5505.0,-40.0,,,
2018-11-10T00:00:00,GHCND:USC00280907,17.0,0.0,-inf,8.3,0.0,6.1,,False
2018-11-10T00:00:00,GHCND:USC00280907,17.0,0.0,-inf,8.3,0.0,6.1,,False
2018-11-10T00:00:00,GHCND:USC00280907,17.0,0.0,-inf,8.3,0.0,6.1,,False
2018-11-10T00:00:00,GHCND:USC00280907,17.0,0.0,-inf,8.3,0.0,6.1,,False
2018-11-11T00:00:00,?,0.3,,,5505.0,-40.0,,,
2018-11-12T00:00:00,GHCND:USC00280907,0.0,0.0,-inf,7.2,-3.3,-2.8,,False
2018-11-12T00:00:00,?,0.0,0.0,-inf,5505.0,-40.0,,,
2018-11-12T00:00:00,GHCND:USC00280907,0.0,0.0,-inf,7.2,-3.3,-2.8,,False
2018-11-13T00:00:00,?,25.1,,,5505.0,-40.0,,,
2018-11-14T00:00:00,GHCND:USC00280907,10.7,0.0,-inf,8.9,1.1,1.1,,False
2018-11-14T00:00:00,?,1.3,,,5505.0,-40.0,,,
2018-11-14T00:00:00,?,1.3,,,5505.0,-40.0,,,
2018-11-14T00:00:00,GHCND:USC00280907,10.7,0.0,-inf,8.9,1.1,1.1,,False
2018-11-14T00:00:00,?,1.3,,,5505.0,-40.0,,,
2018-11-15T00:00:00,?,0.5,,,5505.0,-40.0,,,
2018-11-15T00:00:00,?,0.5,,,5505.0,-40.0,,,
2018-11-15T00:00:00,GHCND:USC00280907,0.3,0.0,-inf,3.3,-2.8,-2.2,,False
2018-11-16T00:00:00,?,47.0,152.0,inf,5505.0,-40.0,,24.9,True
2018-11-16T00:00:00,?,47.0,152.0,inf,5505.0,-40.0,,24.9,True
2018-11-16T00:00:00,?,47.0,152.0,inf,5505.0,-40.0,,24.9,True
2018-11-17T00:00:00,GHCND:USC00280907,0.0,0.0,-inf,6.1,1.1,4.4,,False
2018-11-19T00:00:00,?,0.0,0.0,-inf,5505.0,-40.0,,,
2018-11-19T00:00:00,?,0.0,0.0,-inf,5505.0,-40.0,,,
2018-11-19T00:00:00,?,0.0,0.0,-inf,5505.0,-40.0,,,
2018-11-19T00:00:00,GHCND:USC00280907,0.0,0.0,-inf,4.4,1.7,2.8,,False
2018-11-20T00:00:00,?,0.0,0.0,-inf,5505.0,-40.0,,,
2018-11-20T00:00:00,GHCND:USC00280907,0.0,0.0,-inf,9.4,2.8,5.0,,False
2018-11-20T00:00:00,?,0.0,0.0,-inf,5505.0,-40.0,,,
2018-11-21T00:00:00,?,0.0,0.0,-inf,5505.0,-40.0,,,
2018-11-24T00:00:00,?,0.0,0.0,-inf,5505.0,-40.0,,,
2018-11-24T00:00:00,GHCND:USC00280907,0.0,0.0,-inf,-1.1,-12.2,-5.0,,False
2018-11-25T00:00:00,GHCND:USC00280907,41.1,0.0,-inf,7.8,-5.0,6.7,,False
2018-11-25T00:00:00,?,38.1,,,5505.0,-40.0,,,
2018-11-26T00:00:00,GHCND:USC00280907,0.0,0.0,-inf,12.2,2.8,5.0,,False
2018-11-27T00:00:00,GHCND:USC00280907,24.9,0.0,-inf,10.0,3.9,3.9,,False
2018-11-27T00:00:00,GHCND:USC00280907,24.9,0.0,-inf,10.0,3.9,3.9,,False
2018-11-28T00:00:00,GHCND:USC00280907,0.0,0.0,-inf,6.1,1.1,1.1,,False
2018-11-29T00:00:00,GHCND:USC00280907,0.0,0.0,-inf,4.4,0.6,3.3,,False
2018-11-30T00:00:00,GHCND:USC00280907,0.0,0.0,-inf,6.1,0.6,2.2,,False
2018-11-30T00:00:00,?,0.0,0.0,-inf,5505.0,-40.0,,,
2018-11-30T00:00:00,GHCND:USC00280907,0.0,0.0,-inf,6.1,0.6,2.2,,False
2018-12-01T00:00:00,GHCND:USC00280907,1.3,,,4.4,-0.6,0.0,,False
2018-12-01T00:00:00,GHCND:USC00280907,1.3,,,4.4,-0.6,0.0,,False
2018-12-01T00:00:00,GHCND:USC00280907,1.3,,,4.4,-0.6,0.0,,False
2018-12-01T00:00:00,?,0.5,,,5505.0,-40.0,,,
2018-12-03T00:00:00,GHCND:USC00280907,6.6,0.0,-inf,10.6,5.6,10.0,,False
2018-12-05T00:00:00,GHCND:USC00280907,0.0,0.0,-inf,3.9,-6.7,-6.7,,False
2018-12-05T00:00:00,GHCND:USC00280907,0.0,0.0,-inf,3.9,-6.7,-6.7,,False
2018-12-06T00:00:00,GHCND:USC00280907,0.0,0.0,-inf,2.2,-6.7,-2.8,,False
2018-12-06T00:00:00,?,0.0,0.0,-inf,5505.0,-40.0,,,
2018-12-07T00:00:00,GHCND:USC00280907,0.0,0.0,-inf,3.3,-2.8,0.0,,False
2018-12-07T00:00:00,?,0.0,0.0,-inf,5505.0,-40.0,,,
2018-12-07T00:00:00,?,0.0,0.0,-inf,5505.0,-40.0,,,
2018-12-08T00:00:00,GHCND:USC00280907,0.0,0.0,-inf,2.2,-8.3,-5.6,,False
2018-12-08T00:00:00,?,0.0,0.0,-inf,5505.0,-40.0,,,
2018-12-09T00:00:00,?,0.0,0.0,-inf,5505.0,-40.0,,,
2018-12-09T00:00:00,?,0.0,0.0,-inf,5505.0,-40.0,,,
2018-12-09T00:00:00,?,0.0,0.0,-inf,5505.0,-40.0,,,
2018-12-10T00:00:00,GHCND:USC00280907,0.0,0.0,-inf,0.6,-6.1,-5.0,,False
2018-12-10T00:00:00,GHCND:USC00280907,0.0,0.0,-inf,0.6,-6.1,-5.0,,False
2018-12-10T00:00:00,GHCND:USC00280907,0.0,0.0,-inf,0.6,-6.1,-5.0,,False
2018-12-11T00:00:00,?,0.0,0.0,-inf,5505.0,-40.0,,,
2018-12-12T00:00:00,GHCND:USC00280907,0.0,0.0,-inf,3.3,-7.8,0.0,,False
2018-12-12T00:00:00,GHCND:USC00280907,0.0,0.0,-inf,3.3,-7.8,0.0,,False
2018-12-13T00:00:00,GHCND:USC00280907,0.0,0.0,-inf,8.3,-3.3,-0.6,,False
2018-12-14T00:00:00,GHCND:USC00280907,0.0,0.0,-inf,2.8,-1.7,2.8,,False
2018-12-14T00:00:00,GHCND:USC00280907,0.0,0.0,-inf,2.8,-1.7,2.8,,False
2018-12-14T00:00:00,GHCND:USC00280907,0.0,0.0,-inf,2.8,-1.7,2.8,,False
2018-12-15T00:00:00,?,5.8,,,5505.0,-40.0,,,
2018-12-16T00:00:00,?,19.1,,,5505.0,-40.0,,,
2018-12-16T00:00:00,?,19.1,,,5505.0,-40.0,,,
2018-12-16T00:00:00,GHCND:USC00280907,23.9,0.0,-inf,10.0,2.2,2.8,,False
2018-12-17T00:00:00,GHCND:USC00280907,25.4,0.0,-inf,7.2,2.8,4.4,,False
2018-12-18T00:00:00,GHCND:USC00280907,0.0,0.0,-inf,6.7,-0.6,-0.6,,False
2018-12-20T00:00:00,GHCND:USC00280907,0.0,0.0,-inf,5.0,-5.6,-4.4,,False
2018-12-20T00:00:00,GHCND:USC00280907,0.0,0.0,-inf,5.0,-5.6,-4.4,,False
2018-12-21T00:00:00,GHCND:USC00280907,42.9,0.0,-inf,14.4,-4.4,13.9,,False
2018-12-22T00:00:00,GHCND:USC00280907,12.2,0.0,-inf,16.1,6.7,6.7,,False
2018-12-23T00:00:00,?,0.0,0.0,-inf,5505.0,-40.0,,,
2018-12-23T00:00:00,?,0.0,0.0,-inf,5505.0,-40.0,,,
2018-12-23T00:00:00,?,0.0,0.0,-inf,5505.0,-40.0,,,
2018-12-24T00:00:00,?,1.5,,,5505.0,-40.0,,,
2018-12-25T00:00:00,?,0.0,0.0,-inf,5505.0,-40.0,,,
2018-12-25T00:00:00,?,0.0,0.0,-inf,5505.0,-40.0,,,
2018-12-25T00:00:00,?,0.0,0.0,-inf,5505.0,-40.0,,,
2018-12-25T00:00:00,?,0.0,0.0,-inf,5505.0,-40.0,,,
2018-12-26T00:00:00,?,0.0,0.0,-inf,5505.0,-40.0,,,
2018-12-26T00:00:00,?,0.0,0.0,-inf,5505.0,-40.0,,,
2018-12-26T00:00:00,?,0.0,0.0,-inf,5505.0,-40.0,,,
2018-12-27T00:00:00,GHCND:USC00280907,0.0,0.0,-inf,5.6,-2.2,-1.1,,False
2018-12-27T00:00:00,GHCND:USC00280907,0.0,0.0,-inf,5.6,-2.2,-1.1,,False
2018-12-27T00:00:00,GHCND:USC00280907,0.0,0.0,-inf,5.6,-2.2,-1.1,,False
2018-12-27T00:00:00,?,0.0,0.0,-inf,5505.0,-40.0,,,
2018-12-28T00:00:00,?,11.4,,,5505.0,-40.0,,,
2018-12-28T00:00:00,GHCND:USC00280907,11.7,0.0,-inf,6.1,-1.7,5.0,,False
2018-12-28T00:00:00,?,11.4,,,5505.0,-40.0,,,
2018-12-29T00:00:00,?,21.3,,,5505.0,-40.0,,,
2018-12-29T00:00:00,?,21.3,,,5505.0,-40.0,,,
2018-12-30T00:00:00,?,0.0,,,5505.0,-40.0,,,
2018-12-31T00:00:00,GHCND:USC00280907,0.0,0.0,-inf,3.3,-3.3,-2.8,,False
2018-12-31T00:00:00,GHCND:USC00280907,0.0,0.0,-inf,3.3,-3.3,-2.8,,False
2018-12-31T00:00:00,GHCND:USC00280907,0.0,0.0,-inf,3.3,-3.3,-2.8,,False
2018-12-31T00:00:00,?,0.0,0.0,-inf,5505.0,-40.0,,,
2018-12-31T00:00:00,?,0.0,0.0,-inf,5505.0,-40.0,,,
