ticker,date,close,volume,open,high,low
AAPL,2018-01-18,179.26,31087330,179.37,180.1,178.25
AMZN,2018-01-18,1293.32,4021640,1293.95,1304.6,1284.02
FB,2018-01-18,179.8,23244010,178.13,180.98,177.08
GOOG,2018-01-18,1129.79,1194943,1131.41,1132.51,1117.5
NFLX,2018-01-18,220.33,8212094,220.34,220.58,216.55
AAPL,2018-01-19,178.46,31306390,178.61,179.58,177.41
AMZN,2018-01-19,1294.58,4455108,1312.0,1313.0,1292.99
FB,2018-01-19,181.29,26592440,180.85,182.37,180.1702
GOOG,2018-01-19,1137.51,1390118,1131.83,1137.86,1128.3
NFLX,2018-01-19,220.46,10356210,222.75,223.49,218.5
AAPL,2018-01-22,177.0,27052000,177.3,177.78,176.6016
AMZN,2018-01-22,1327.31,4126235,1297.17,1327.45,1296.6636
FB,2018-01-22,185.37,21005910,180.8,185.39,180.41
GOOG,2018-01-22,1155.81,1616120,1137.49,1159.88,1135.1101
NFLX,2018-01-22,227.58,17128090,222.0,227.785,221.2
AAPL,2018-01-23,177.04,32395870,177.3,179.44,176.82
AMZN,2018-01-23,1362.54,5130673,1338.09,1364.9,1337.34
FB,2018-01-23,189.35,25535950,186.05,189.55,185.55
GOOG,2018-01-23,1169.97,1309862,1159.85,1171.6266,1158.75
NFLX,2018-01-23,250.29,27637170,255.05,257.71,248.02
AAPL,2018-01-24,174.22,51368540,177.25,177.3,173.2
AMZN,2018-01-24,1357.51,6781297,1374.82,1388.16,1338.0
FB,2018-01-24,186.55,23423200,189.89,190.66,186.52
GOOG,2018-01-24,1164.24,1382904,1177.33,1179.86,1161.05
NFLX,2018-01-24,261.3,17193780,250.88,261.71,249.31099999999998
AAPL,2018-01-25,171.11,41438280,174.505,174.95,170.53
AMZN,2018-01-25,1377.95,4741473,1368.0,1378.34,1357.62
FB,2018-01-25,187.48,17329360,187.95,188.62,186.6
GOOG,2018-01-25,1170.37,1461518,1172.53,1175.94,1162.76
NFLX,2018-01-25,269.7,15311560,263.0,272.3,260.23
AAPL,2018-01-26,171.51,39075250,172.0,172.0,170.06
AMZN,2018-01-26,1402.05,4825682,1392.01,1402.53,1380.91
FB,2018-01-26,190.0,17423300,187.75,190.0,186.81
GOOG,2018-01-26,1175.84,1981173,1175.08,1175.84,1158.11
NFLX,2018-01-26,274.6,10932370,271.485,274.6,268.76
AAPL,2018-01-29,167.96,50565420,170.16,170.16,167.07
AMZN,2018-01-29,1417.68,5690168,1409.18,1431.39,1400.44
FB,2018-01-29,185.98,20297330,188.75,188.84,185.6301
GOOG,2018-01-29,1175.58,1337324,1176.48,1186.89,1171.98
NFLX,2018-01-29,284.59,17377340,274.2,286.81,273.92
AAPL,2018-01-30,166.97,45635470,165.525,167.37,164.7
AMZN,2018-01-30,1437.82,5802415,1403.17,1439.25,1392.0
FB,2018-01-30,187.12,20724760,183.01,188.18,181.84
GOOG,2018-01-30,1163.69,1541771,1167.83,1176.52,1163.52
NFLX,2018-01-30,278.8,12055820,277.0,282.73,272.7
AAPL,2018-01-31,167.43,32234520,166.87,168.4417,166.5
AMZN,2018-01-31,1450.89,6386185,1451.3,1472.58,1450.04
FB,2018-01-31,186.89,36542750,188.37,189.83,185.22
GOOG,2018-01-31,1169.94,1523820,1170.57,1173.0,1159.13
NFLX,2018-01-31,270.3,11653530,281.94,282.289,269.58
AAPL,2018-02-01,167.78,44453230,167.165,168.62,166.76
AMZN,2018-02-01,1390.0,8985040,1445.0,1459.8799,1385.1419
FB,2018-02-01,193.09,53938680,188.22,195.32,187.89
GOOG,2018-02-01,1167.7,2380221,1162.61,1174.0,1157.52
NFLX,2018-02-01,265.07,9651161,266.41,271.95,263.38
AAPL,2018-02-02,160.5,85957050,166.0,166.8,160.1
AMZN,2018-02-02,1429.95,11014340,1477.39,1498.0,1414.0
FB,2018-02-02,190.28,25954720,192.04,194.21,189.98
GOOG,2018-02-02,1111.9,4837979,1122.0,1123.07,1107.2779
NFLX,2018-02-02,267.43,9030600,263.0,270.62,262.71
AAPL,2018-02-05,156.49,72215320,159.1,163.88,156.0
AMZN,2018-02-05,1390.0,11422520,1402.62,1458.98,1320.72
FB,2018-02-05,181.26,32772080,186.93,190.61,180.61
GOOG,2018-02-05,1055.8,3769453,1090.6,1110.0,1052.03
NFLX,2018-02-05,254.26,11816490,262.0,267.899,250.03
AAPL,2018-02-06,163.03,68171940,154.83,163.72,154.0
AMZN,2018-02-06,1442.84,10937550,1361.46,1443.99,1351.79
FB,2018-02-06,185.31,37640430,178.57,185.77,177.74
GOOG,2018-02-06,1080.6,3432313,1027.18,1081.71,1023.1367
NFLX,2018-02-06,265.72,12412240,247.7,266.7,245.0
AAPL,2018-02-07,159.54,51467440,163.085,163.4,159.0685
AMZN,2018-02-07,1416.78,7126128,1449.0,1460.99,1415.15
FB,2018-02-07,180.18,27130700,184.15,185.0817,179.95
GOOG,2018-02-07,1048.58,2353003,1081.54,1081.78,1048.26
NFLX,2018-02-07,264.56,8729209,266.58,272.45,264.325
AAPL,2018-02-08,155.15,54145930,160.29,161.0,155.03
AMZN,2018-02-08,1350.5,8496355,1429.675,1433.7522,1349.94
FB,2018-02-08,171.58,38167570,181.01,181.84,171.4815
GOOG,2018-02-08,1001.52,2809890,1055.41,1058.62,1000.66
NFLX,2018-02-08,250.1,9267707,267.08,267.62,250.0
AAPL,2018-02-09,156.41,70583530,157.07,157.89,150.24
AMZN,2018-02-09,1339.6,14128670,1373.49,1383.5,1265.93
FB,2018-02-09,176.11,39826840,174.76,176.9,167.18
GOOG,2018-02-09,1037.78,3503970,1017.25,1043.97,992.56
NFLX,2018-02-09,249.47,16899060,253.85,255.7999,236.11
AAPL,2018-02-12,162.71,60774900,158.5,163.89,157.51
AMZN,2018-02-12,1386.23,6718037,1364.67,1393.81,1344.01
FB,2018-02-12,176.41,32005590,177.06,177.545,171.84
GOOG,2018-02-12,1051.94,2054002,1048.0,1061.5,1040.928
NFLX,2018-02-12,257.95,8518564,252.14,259.15,249.0
AAPL,2018-02-13,164.34,32483310,161.95,164.75,161.65
AMZN,2018-02-13,1414.51,5880823,1385.93,1419.72,1383.53
FB,2018-02-13,173.15,21431580,175.62,175.97,173.1
GOOG,2018-02-13,1052.1,1213800,1045.0,1058.37,1044.0872
NFLX,2018-02-13,258.27,6805745,257.29,261.41,254.7
AAPL,2018-02-14,167.37,40382890,163.045,167.54,162.88
AMZN,2018-02-14,1451.05,5940392,1406.25,1452.06,1403.36
FB,2018-02-14,179.52,28852470,173.45,179.81,173.2119
GOOG,2018-02-14,1069.7,1547665,1048.95,1071.72,1046.75
NFLX,2018-02-14,266.0,10948740,260.47,269.88,260.33
AAPL,2018-02-15,172.99,50908540,169.79,173.09,169.0
AMZN,2018-02-15,1461.76,5634873,1466.89,1468.94,1436.8367
FB,2018-02-15,179.96,20697440,180.5,180.5,176.84
GOOG,2018-02-15,1089.52,1785552,1079.07,1091.4794,1064.34
NFLX,2018-02-15,280.27,10724010,270.03,280.5,267.63
AAPL,2018-02-16,172.43,40113790,172.36,174.82,171.77
AMZN,2018-02-16,1448.69,4464048,1457.37,1465.8,1446.56
FB,2018-02-16,177.36,20815180,178.99,179.88,176.3
GOOG,2018-02-16,1094.8,1680283,1088.41,1104.67,1088.3134
NFLX,2018-02-16,278.52,8302883,278.73,281.96,275.69
AAPL,2018-02-20,171.85,33690660,172.05,174.26,171.42
AMZN,2018-02-20,1468.35,6473520,1446.49,1488.77,1446.49
FB,2018-02-20,176.01,21037920,175.77,177.95,175.11
GOOG,2018-02-20,1102.46,1389491,1090.57,1113.95,1088.52
NFLX,2018-02-20,278.55,7754759,277.74,285.812,276.61
AAPL,2018-02-21,171.07,37378070,172.83,174.12,171.01
AMZN,2018-02-21,1482.92,6270085,1485.0,1503.49,1478.92
FB,2018-02-21,177.91,23166300,176.71,181.27,176.4
GOOG,2018-02-21,1111.34,1507152,1106.47,1133.97,1106.33
NFLX,2018-02-21,281.04,9348109,282.07,286.64,280.01
AAPL,2018-02-22,172.5,30953760,171.8,173.95,171.71
AMZN,2018-02-22,1485.34,4806267,1495.36,1502.54,1475.76
FB,2018-02-22,178.99,17766680,178.7,180.21,177.41
GOOG,2018-02-22,1106.63,1309536,1116.19,1122.82,1102.59
NFLX,2018-02-22,278.14,8878337,283.88,284.5,274.45
AAPL,2018-02-23,175.5,33772050,173.67,175.65,173.54
AMZN,2018-02-23,1500.0,4395443,1495.34,1500.0,1486.5
FB,2018-02-23,183.29,18811750,179.9,183.39,179.51
GOOG,2018-02-23,1126.79,1190432,1112.64,1127.28,1104.7135
NFLX,2018-02-23,285.93,7292789,281.0,286.0,277.81
AAPL,2018-02-26,178.97,37353670,176.35,179.39,176.21
AMZN,2018-02-26,1521.95,4944679,1509.2,1522.84,1507.0
FB,2018-02-26,184.93,17583030,184.58,185.66,183.2228
GOOG,2018-02-26,1143.75,1514920,1127.8,1143.96,1126.695
NFLX,2018-02-26,294.16,10256830,288.75,295.6475,287.01
AAPL,2018-02-27,178.39,38885510,179.1,180.48,178.16
AMZN,2018-02-27,1511.98,4791167,1524.5,1526.78,1507.21
FB,2018-02-27,181.46,15768550,184.45,184.7,181.46
GOOG,2018-02-27,1118.29,1772866,1141.24,1144.04,1118.0
NFLX,2018-02-27,290.61,9247414,294.77,297.36,290.59
AAPL,2018-02-28,178.12,37568080,179.26,180.615,178.05
AMZN,2018-02-28,1512.45,4498688,1519.51,1528.7,1512.0
FB,2018-02-28,178.32,18613520,182.3,182.88,178.14
GOOG,2018-02-28,1104.73,1873737,1123.03,1127.53,1103.24
NFLX,2018-02-28,291.38,7501444,293.1,295.75,290.78
AAPL,2018-03-01,175.0,48706170,178.54,179.775,172.66
AMZN,2018-03-01,1493.45,6820462,1513.6,1518.49,1465.0
FB,2018-03-01,175.94,23161610,179.01,180.12,174.41
GOOG,2018-03-01,1069.52,2511872,1107.87,1110.12,1067.001
NFLX,2018-03-01,290.39,11892990,292.75,295.25,283.83
AAPL,2018-03-02,176.21,38426060,172.8,176.3,172.45
AMZN,2018-03-02,1500.25,6573973,1469.1,1501.05,1455.0101
FB,2018-03-02,176.62,19835420,173.29,177.11,172.99
GOOG,2018-03-02,1078.92,2271394,1053.08,1081.9986,1048.115
NFLX,2018-03-02,301.05,13278500,284.65,301.18,283.23
AAPL,2018-03-05,176.82,27825140,175.21,177.74,174.52
AMZN,2018-03-05,1523.61,5192119,1494.24,1525.38,1481.0
FB,2018-03-05,180.4,16098150,176.2,181.1475,175.89
GOOG,2018-03-05,1090.93,1141932,1075.14,1097.1,1069.0001
NFLX,2018-03-05,315.0,18957770,302.85,316.91,297.6
AAPL,2018-03-06,176.67,23273160,177.91,178.25,176.13
AMZN,2018-03-06,1537.64,4433105,1533.2,1542.13,1528.0
FB,2018-03-06,179.78,14868900,181.78,182.38,179.11
GOOG,2018-03-06,1095.06,1497087,1099.22,1101.85,1089.775
NFLX,2018-03-06,325.22,18245450,319.88,325.79,316.5
AAPL,2018-03-07,175.03,31686450,174.94,175.85,174.27
AMZN,2018-03-07,1545.0,4164829,1526.52,1545.9,1522.51
FB,2018-03-07,183.71,19007100,178.74,183.82,178.07
GOOG,2018-03-07,1109.64,1277439,1089.19,1112.22,1085.4823
NFLX,2018-03-07,321.16,17110740,320.0,323.74,314.55
AAPL,2018-03-08,176.94,24518850,175.48,177.12,175.07
AMZN,2018-03-08,1551.86,3882904,1550.0,1554.88,1545.25
FB,2018-03-08,182.34,16920570,183.56,184.4,181.45
GOOG,2018-03-08,1126.0,1393529,1115.32,1127.6,1112.8
NFLX,2018-03-08,317.0,11366700,322.2,322.9176,314.13
AAPL,2018-03-09,179.98,32130360,177.96,180.0,177.39
AMZN,2018-03-09,1578.89,4508650,1563.5,1578.94,1559.08
FB,2018-03-09,185.23,18187880,183.91,185.51,183.21
GOOG,2018-03-09,1160.04,2121425,1136.0,1160.8,1132.4606
NFLX,2018-03-09,331.44,14320240,321.33,331.44,320.23
AAPL,2018-03-12,181.72,32191070,180.29,182.39,180.21
AMZN,2018-03-12,1598.39,5146149,1592.6,1605.33,1586.7
FB,2018-03-12,184.76,15194040,185.23,186.1,184.22
GOOG,2018-03-12,1164.5,2106548,1163.85,1177.05,1157.42
NFLX,2018-03-12,321.3,20277420,333.56,333.98,318.6
AAPL,2018-03-13,179.97,31464170,182.59,183.5,179.24
AMZN,2018-03-13,1588.18,6514336,1615.96,1617.54,1578.01
FB,2018-03-13,181.88,17873720,185.61,185.99,181.11
GOOG,2018-03-13,1138.17,1874176,1170.0,1176.76,1133.33
NFLX,2018-03-13,315.88,12878750,323.87,325.8409,313.278
AAPL,2018-03-14,178.44,29334630,180.32,180.52,177.81
AMZN,2018-03-14,1591.0,4236655,1597.0,1606.444,1590.89
FB,2018-03-14,184.19,16814350,182.6,184.25,181.85
GOOG,2018-03-14,1149.49,1290638,1145.21,1158.59,1141.44
NFLX,2018-03-14,321.55,10463840,318.16,323.88,317.7
AAPL,2018-03-15,178.65,22676520,178.5,180.24,178.0701
AMZN,2018-03-15,1582.32,4057694,1595.0,1596.91,1578.11
FB,2018-03-15,183.86,15638830,183.24,184.0,182.19
GOOG,2018-03-15,1149.58,1397767,1149.96,1161.08,1134.54
NFLX,2018-03-15,321.09,5465467,323.17,323.4,318.14
AAPL,2018-03-16,178.02,38313330,178.65,179.12,177.62
AMZN,2018-03-16,1571.68,5291848,1583.45,1589.44,1567.5
FB,2018-03-16,185.09,23699600,184.49,185.33,183.41
GOOG,2018-03-16,1135.73,2614871,1154.14,1155.88,1131.96
NFLX,2018-03-16,318.45,7315268,321.42,324.11,318.37
AAPL,2018-03-19,175.3,32931110,177.32,177.47,173.66
AMZN,2018-03-19,1544.93,6406413,1554.53,1561.66,1525.35
FB,2018-03-19,172.56,87171850,177.01,177.17,170.06
GOOG,2018-03-19,1099.82,2355186,1120.01,1121.99,1089.01
NFLX,2018-03-19,313.48,9844201,315.8,317.0,307.34
AAPL,2018-03-20,175.24,19620520,175.24,176.8,174.94
AMZN,2018-03-20,1586.51,4554675,1550.34,1587.0,1545.41
FB,2018-03-20,168.15,129654100,167.47,170.2,161.95
GOOG,2018-03-20,1097.71,1802209,1099.0,1105.2,1083.46
NFLX,2018-03-20,317.5,5983240,313.26,319.5,312.8
AAPL,2018-03-21,171.27,36387880,175.04,175.09,171.26
AMZN,2018-03-21,1581.86,4740884,1586.45,1590.0,1563.17
FB,2018-03-21,169.39,106166700,164.8,173.4,163.3
GOOG,2018-03-21,1090.88,1878294,1092.74,1106.2999,1085.15
NFLX,2018-03-21,316.48,5061869,316.35,319.4,314.51099999999997
AAPL,2018-03-22,168.85,41335980,170.0,172.68,168.6
AMZN,2018-03-22,1544.92,6213379,1565.47,1573.85,1542.4
FB,2018-03-22,164.89,73554350,166.13,170.27,163.72
GOOG,2018-03-22,1049.08,2584639,1081.88,1082.9,1045.91
NFLX,2018-03-22,306.7,7959714,313.07,314.12,305.66
AAPL,2018-03-23,164.94,40984540,168.39,169.92,164.94
AMZN,2018-03-23,1495.56,7977655,1539.01,1549.02,1495.36
FB,2018-03-23,159.39,53478870,165.44,167.1,159.02
GOOG,2018-03-23,1021.57,2147097,1047.03,1063.36,1021.22
NFLX,2018-03-23,300.94,9504181,307.41,310.73,300.36
AAPL,2018-03-26,172.77,36778560,168.07,173.1,166.44
AMZN,2018-03-26,1555.86,5592200,1530.0,1556.99,1499.25
FB,2018-03-26,160.06,125971800,160.82,161.1,149.02
GOOG,2018-03-26,1053.21,2593808,1046.0,1055.63,1008.4
NFLX,2018-03-26,320.35,11970640,309.36,321.03,302.0
AAPL,2018-03-27,168.34,39824200,173.68,175.15,166.92
AMZN,2018-03-27,1497.05,6887274,1572.4,1575.965,1482.32
FB,2018-03-27,152.22,77468330,156.31,162.85,150.75
GOOG,2018-03-27,1005.1,3081612,1063.0,1064.8393,996.92
NFLX,2018-03-27,300.69,12028240,322.49,322.9,297.0
AAPL,2018-03-28,166.48,41464880,167.25,170.02,165.19
AMZN,2018-03-28,1431.42,13680370,1447.0,1455.9,1386.17
FB,2018-03-28,153.03,59803800,151.65,155.88,150.8
GOOG,2018-03-28,1004.56,3345046,998.0,1024.23,980.64
NFLX,2018-03-28,285.77,18949520,298.39,298.8,281.61
AAPL,2018-03-29,167.78,38116290,167.805,171.75,166.9
AMZN,2018-03-29,1447.34,12570020,1406.0,1455.47,1365.2
FB,2018-03-29,159.79,59266330,155.15,161.42,154.14
GOOG,2018-03-29,1031.79,2714402,1011.63,1043.0,1002.9
NFLX,2018-03-29,295.35,19115850,287.0,295.35,275.9
AAPL,2018-04-02,166.68,37425640,167.88,168.94,164.47
AMZN,2018-04-02,1371.99,10432560,1417.62,1421.358,1355.0
FB,2018-04-02,155.39,36715460,157.81,159.2,154.111
GOOG,2018-04-02,1006.47,2679214,1022.82,1034.8,990.37
NFLX,2018-04-02,280.29,13343310,291.94,292.87,275.05
AAPL,2018-04-03,168.39,30237640,167.64,168.7455,164.88
AMZN,2018-04-03,1392.05,10212940,1391.38,1414.0,1355.33
FB,2018-04-03,156.11,42518400,156.55,157.39,150.81
GOOG,2018-04-03,1013.41,2271858,1013.91,1020.99,994.07
NFLX,2018-04-03,283.67,12669270,285.45,291.25,278.01
AAPL,2018-04-04,171.61,34581850,164.88,172.01,164.77
AMZN,2018-04-04,1410.57,6942485,1358.24,1415.39,1352.88
FB,2018-04-04,155.1,49542320,152.025,155.56,150.51
GOOG,2018-04-04,1025.14,2464418,993.41,1028.7175,993.0
NFLX,2018-04-04,288.94,12892670,273.63,290.31,271.2239
AAPL,2018-04-05,172.8,26750260,172.58,174.2304,172.08
AMZN,2018-04-05,1451.75,6305513,1441.99,1459.5575,1427.07
FB,2018-04-05,159.34,41138460,161.56,161.575,156.65
GOOG,2018-04-05,1027.81,1345681,1041.33,1042.79,1020.1311
NFLX,2018-04-05,293.97,10569180,293.15,299.16,289.11
AAPL,2018-04-06,168.38,34949690,170.97,172.48,168.2
AMZN,2018-04-06,1405.23,5838758,1429.97,1452.5020000000002,1400.26
FB,2018-04-06,157.2,41397190,157.73,161.42,156.81
GOOG,2018-04-06,1007.04,1740896,1020.0,1031.42,1003.03
NFLX,2018-04-06,288.85,11362890,289.1,298.85,285.65
AAPL,2018-04-09,170.05,28976200,169.88,173.09,169.845
AMZN,2018-04-09,1406.08,4193564,1425.03,1438.48,1402.5710000000001
FB,2018-04-09,157.93,34671420,157.82,160.53,156.04
GOOG,2018-04-09,1015.45,1738682,1016.8,1039.6,1014.08
NFLX,2018-04-09,289.93,9833068,291.77,299.55,289.12
AAPL,2018-04-10,173.25,28567110,173.0,174.0,171.53
AMZN,2018-04-10,1436.22,4258358,1431.99,1438.38,1415.7
FB,2018-04-10,165.04,58051080,157.93,165.98,157.01
GOOG,2018-04-10,1031.64,1983510,1026.44,1036.28,1011.34
NFLX,2018-04-10,298.07,10669840,297.68,298.95,291.69
AAPL,2018-04-11,172.44,22401040,172.23,173.9232,171.7
AMZN,2018-04-11,1427.05,3544449,1439.44,1448.7758,1424.89
FB,2018-04-11,166.32,56011860,165.36,168.65,163.25
GOOG,2018-04-11,1019.97,1476133,1027.99,1031.3641,1015.87
NFLX,2018-04-11,303.67,14839040,302.885,311.64,301.82
AAPL,2018-04-12,174.14,22858840,173.41,175.0,173.04
AMZN,2018-04-12,1448.5,3116939,1439.5,1452.12,1435.06
FB,2018-04-12,163.87,38195140,166.98,167.45,163.1
GOOG,2018-04-12,1032.51,1357599,1025.04,1040.69,1021.4347
NFLX,2018-04-12,309.25,10206660,309.719,311.13,306.75
AAPL,2018-04-13,174.73,25100510,174.78,175.84,173.85
AMZN,2018-04-13,1430.79,3637586,1449.136,1459.7808,1424.52
FB,2018-04-13,164.52,19450140,164.58,165.7036,163.77
GOOG,2018-04-13,1029.27,1175754,1040.88,1046.42,1022.98
NFLX,2018-04-13,311.65,12001850,317.29,317.49,308.23
AAPL,2018-04-16,175.82,21561320,175.0301,176.19,174.8301
AMZN,2018-04-16,1441.5,2773836,1445.0,1447.0,1427.48
FB,2018-04-16,164.83,17951530,165.725,165.78,163.39
GOOG,2018-04-16,1037.98,1194144,1037.0,1043.24,1026.74
NFLX,2018-04-16,307.78,19782250,315.99,316.1,304.0
AAPL,2018-04-17,178.24,26575010,176.49,178.9365,176.41
AMZN,2018-04-17,1503.83,5008532,1462.295,1507.19,1457.0219
FB,2018-04-17,168.66,21986820,165.83,169.0,165.66
GOOG,2018-04-17,1074.16,2311903,1051.37,1077.88,1048.26
NFLX,2018-04-17,336.06,33811180,329.66,338.62,323.77
AAPL,2018-04-18,177.84,20544600,177.81,178.82,176.88
AMZN,2018-04-18,1527.84,5091677,1514.65,1533.8,1504.11
FB,2018-04-18,166.36,20248580,166.88,168.12,165.77
GOOG,2018-04-18,1072.08,1336678,1077.43,1077.43,1066.225
NFLX,2018-04-18,334.52,11175190,336.3,338.82,331.1
AAPL,2018-04-19,172.8,34693280,174.95,175.39,172.66
AMZN,2018-04-19,1556.91,6483967,1543.22,1568.52,1539.06
FB,2018-04-19,168.1,21921120,166.2,168.33,165.2
GOOG,2018-04-19,1087.7,1741907,1069.4,1094.165,1068.18
NFLX,2018-04-19,332.7,8420032,332.88,335.31,326.77
AAPL,2018-04-20,165.72,65270950,170.595,171.2184,165.43
AMZN,2018-04-20,1527.49,5520642,1561.1999,1561.1999,1516.0929999999998
FB,2018-04-20,166.28,18917050,167.79,168.43,165.81
GOOG,2018-04-20,1072.96,1887698,1082.0,1092.35,1069.57
NFLX,2018-04-20,327.77,9116941,332.22,336.51,326.0
AAPL,2018-04-23,165.24,36396590,166.835,166.92,164.09
AMZN,2018-04-23,1517.86,4447801,1546.6947,1548.0,1503.4103
FB,2018-04-23,165.84,22894510,167.27,168.45,165.09
GOOG,2018-04-23,1067.45,2278846,1077.86,1082.72,1060.7
NFLX,2018-04-23,318.69,8871631,329.15,331.22,317.08
AAPL,2018-04-24,162.94,33674960,165.67,166.33,161.2201
AMZN,2018-04-24,1460.09,7470059,1535.8,1539.5,1448.4475
FB,2018-04-24,159.69,34981150,165.43,166.1,158.19
GOOG,2018-04-24,1019.98,4750851,1052.0,1057.0,1010.59
NFLX,2018-04-24,307.02,13873450,319.217,320.249,302.31
AAPL,2018-04-25,163.65,28331540,162.62,165.42,162.41
AMZN,2018-04-25,1460.17,6365989,1458.0,1469.99,1415.02
FB,2018-04-25,159.69,38451590,160.145,161.06,156.19
GOOG,2018-04-25,1021.18,2225495,1025.52,1032.49,1015.31
NFLX,2018-04-25,305.76,14763940,306.37,309.98,292.615
AAPL,2018-04-26,164.22,27850370,164.12,165.73,163.37
AMZN,2018-04-26,1517.96,8309864,1485.01,1529.42,1478.5
FB,2018-04-26,174.16,77391810,173.22,176.27,170.8
GOOG,2018-04-26,1040.04,1984448,1029.51,1047.98,1018.19
NFLX,2018-04-26,313.98,9223707,310.0,316.63,305.58
AAPL,2018-04-27,162.32,35617230,164.0,164.33,160.63
AMZN,2018-04-27,1572.62,13025430,1634.01,1638.1,1567.386
FB,2018-04-27,173.59,29773640,176.81,177.1,172.6
GOOG,2018-04-27,1030.05,1617452,1046.0,1049.5,1025.59
NFLX,2018-04-27,311.76,7070118,316.25,317.45,306.5
AAPL,2018-04-30,165.26,41976500,162.13,167.26,161.84
AMZN,2018-04-30,1566.13,5421282,1582.5,1596.0,1560.941
FB,2018-04-30,172.0,20662060,173.79,175.72,171.71
GOOG,2018-04-30,1017.33,1664084,1030.01,1037.0,1016.85
NFLX,2018-04-30,312.46,6066764,311.07,317.88,310.118
AAPL,2018-05-01,169.1,52228910,166.41,169.2,165.27
AMZN,2018-05-01,1582.26,4551661,1563.22,1585.0,1552.18
FB,2018-05-01,173.86,26001150,172.0,174.02,170.23
GOOG,2018-05-01,1037.31,1427171,1013.66,1038.47,1008.21
NFLX,2018-05-01,313.3,6014838,310.36,313.48,306.69
AAPL,2018-05-02,176.57,66454720,175.225,177.75,173.8
AMZN,2018-05-02,1569.68,4252230,1580.98,1588.4992,1566.36
FB,2018-05-02,176.07,29812020,174.24599999999998,178.08,174.2
GOOG,2018-05-02,1024.38,1534094,1028.1,1040.389,1022.87
NFLX,2018-05-02,313.36,5577613,311.65,317.1,310.4034
AAPL,2018-05-03,176.89,33944110,175.88,177.5,174.4411
AMZN,2018-05-03,1572.075,4235885,1560.01,1574.8,1546.02
FB,2018-05-03,174.02,23908500,175.13,176.12,172.12
GOOG,2018-05-03,1023.72,1813623,1019.0,1029.675,1006.29
NFLX,2018-05-03,311.69,6037386,312.59,312.59,305.73
AAPL,2018-05-04,183.83,56137230,178.25,184.25,178.17
AMZN,2018-05-04,1580.95,3414088,1562.45,1584.9,1562.19
FB,2018-05-04,176.61,17668270,173.08,176.98,173.06
GOOG,2018-05-04,1048.21,1936797,1016.9,1048.51,1016.9
NFLX,2018-05-04,320.09,8204203,308.71,320.98,307.67
AAPL,2018-05-07,185.16,42557530,185.18,187.67,184.75
AMZN,2018-05-07,1600.14,3793376,1589.3370000000002,1606.9489999999998,1587.83
FB,2018-05-07,177.97,18302910,177.35,179.5,177.17
GOOG,2018-05-07,1054.79,1464008,1049.23,1061.68,1047.1
NFLX,2018-05-07,326.26,7121198,321.9947,329.0234,319.34
AAPL,2018-05-08,186.05,28053230,184.99,186.22,183.665
AMZN,2018-05-08,1592.39,3033526,1595.0,1596.88,1582.51
FB,2018-05-08,178.92,15482580,178.25,179.04,177.11
GOOG,2018-05-08,1053.91,1217260,1058.54,1060.55,1047.145
NFLX,2018-05-08,326.89,4694953,325.9,327.348,323.05
AAPL,2018-05-09,187.36,23141260,186.55,187.4,185.22
AMZN,2018-05-09,1608.0,3628661,1600.0,1608.0,1592.0
FB,2018-05-09,182.66,23266280,179.67,183.01,178.7807
GOOG,2018-05-09,1082.76,2032319,1058.1,1085.44,1056.365
NFLX,2018-05-09,330.3,5623407,328.79,331.95,327.51
AAPL,2018-05-10,190.04,27942430,187.74,190.37,187.65
AMZN,2018-05-10,1609.08,2785394,1608.475,1615.6,1603.44
FB,2018-05-10,185.53,20931530,183.15,186.1292,182.5
GOOG,2018-05-10,1097.57,1441456,1086.03,1100.44,1085.64
NFLX,2018-05-10,329.6,5232784,331.5,332.055,327.3438
AAPL,2018-05-11,188.59,26167950,189.49,190.06,187.45
AMZN,2018-05-11,1602.91,2258583,1610.99,1611.1,1597.891
FB,2018-05-11,186.99,21197800,184.85,188.32,184.18
GOOG,2018-05-11,1098.26,1253205,1093.6,1101.3295,1090.91
NFLX,2018-05-11,326.46,4584430,329.65,331.26,324.87
AAPL,2018-05-14,188.15,20393070,189.01,189.53,187.86
AMZN,2018-05-14,1601.54,2460302,1604.0,1611.18,1600.05
FB,2018-05-14,186.64,15480030,187.71,187.86,186.2
GOOG,2018-05-14,1100.2,1450140,1100.0,1110.75,1099.11
NFLX,2018-05-14,328.53,4086250,327.25,330.5038,327.04
AAPL,2018-05-15,186.44,23639070,186.78,187.07,185.1
AMZN,2018-05-15,1576.12,5066420,1587.8047,1587.8047,1565.2201
FB,2018-05-15,184.32,15409930,184.88,185.29,183.2
GOOG,2018-05-15,1079.23,1494306,1090.0,1090.05,1073.47
NFLX,2018-05-15,326.13,4739263,325.94,326.94,322.434
AAPL,2018-05-16,188.18,19046600,186.07,188.46,186.0
AMZN,2018-05-16,1587.28,2535458,1577.5,1594.43,1576.67
FB,2018-05-16,183.2,16842080,183.695,184.32,182.66
GOOG,2018-05-16,1081.77,989819,1077.31,1089.27,1076.26
NFLX,2018-05-16,328.19,3664326,326.28,329.72,325.14
AAPL,2018-05-17,186.99,17014490,188.0,188.91,186.36
AMZN,2018-05-17,1581.76,2131238,1580.56,1594.04,1573.0
FB,2018-05-17,183.76,14695830,182.68,184.06,182.22
GOOG,2018-05-17,1078.59,1031190,1079.89,1086.87,1073.5
NFLX,2018-05-17,325.22,4927856,327.53,330.45,323.1734
AAPL,2018-05-18,186.31,18083080,187.19,187.8102,186.13
AMZN,2018-05-18,1574.37,2612564,1581.33,1583.5903,1572.1
FB,2018-05-18,182.68,13066220,183.49,184.19,182.61
GOOG,2018-05-18,1066.36,1496448,1061.86,1069.94,1060.68
NFLX,2018-05-18,324.18,3574961,324.9,326.42,322.8
AAPL,2018-05-21,187.63,18383080,188.0,189.27,186.9106
AMZN,2018-05-21,1585.46,2840655,1585.0,1592.05,1575.0
FB,2018-05-21,184.49,13078810,183.77,185.3,183.13
GOOG,2018-05-21,1079.58,1012258,1074.06,1088.0,1073.65
NFLX,2018-05-21,331.82,6596446,327.11,331.88,325.45
AAPL,2018-05-22,187.16,15228270,188.375,188.88,186.78
AMZN,2018-05-22,1581.4,2053733,1589.89,1589.89,1575.25
FB,2018-05-22,183.8,12267860,184.93,185.42,183.43
GOOG,2018-05-22,1069.73,1088700,1083.56,1086.59,1066.69
NFLX,2018-05-22,331.62,5916643,334.05,336.63,331.15
AAPL,2018-05-23,188.36,19966590,186.35,188.5,185.76
AMZN,2018-05-23,1601.86,3348540,1571.05,1601.86,1566.34
FB,2018-05-23,186.9,16594310,182.5,186.91,182.18
GOOG,2018-05-23,1079.69,1057712,1065.13,1080.78,1061.71
NFLX,2018-05-23,344.72,10021210,329.04,345.0,328.09
AAPL,2018-05-24,188.15,23129400,188.77,188.84,186.21
AMZN,2018-05-24,1603.07,3383788,1598.03,1608.24,1588.38
FB,2018-05-24,185.93,11628050,185.88,186.8,185.03
GOOG,2018-05-24,1079.24,757752,1079.0,1080.47,1066.15
NFLX,2018-05-24,349.29,14493130,344.34,354.0,341.12
AAPL,2018-05-25,188.58,17186760,188.23,189.65,187.65
AMZN,2018-05-25,1610.15,2624784,1603.0,1614.12,1600.4474
FB,2018-05-25,184.92,10730560,186.02,186.33,184.45
GOOG,2018-05-25,1075.66,878903,1079.02,1082.56,1073.775
NFLX,2018-05-25,351.29,7801602,349.9,354.36,348.83
AAPL,2018-05-29,187.9,22409110,187.6,188.75,186.87
AMZN,2018-05-29,1612.87,3837381,1600.7089999999998,1621.79,1600.15
FB,2018-05-29,185.74,16348650,184.34,186.81,183.71
GOOG,2018-05-29,1060.32,1858676,1064.89,1073.37,1055.22
NFLX,2018-05-29,349.73,9700413,351.5,356.1,346.71
AAPL,2018-05-30,187.5,18503410,187.72,188.0,186.78
AMZN,2018-05-30,1624.89,2892704,1618.1,1626.0,1612.93
FB,2018-05-30,187.67,13636820,186.54,188.0,185.25
GOOG,2018-05-30,1067.8,1129958,1063.03,1069.21,1056.83
NFLX,2018-05-30,353.54,5658169,352.37,354.0,349.26
AAPL,2018-05-31,186.87,27468700,187.22,188.23,186.14
AMZN,2018-05-31,1629.62,3157622,1623.0,1635.0,1621.35
FB,2018-05-31,191.78,30727790,187.87,192.72,187.48
GOOG,2018-05-31,1084.99,3085325,1067.56,1097.19,1067.56
NFLX,2018-05-31,351.6,6906813,353.8,355.53,350.21
AAPL,2018-06-01,190.24,23377690,187.99099999999999,190.26,187.75
AMZN,2018-06-01,1641.54,3302466,1637.03,1646.7299,1635.09
FB,2018-06-01,193.99,17278520,193.065,194.5492,192.07
GOOG,2018-06-01,1119.5,2416755,1099.35,1120.0,1098.5
NFLX,2018-06-01,359.93,7102421,353.88,359.99,352.82
AAPL,2018-06-04,191.83,26190620,191.635,193.42,191.35
AMZN,2018-06-04,1665.27,3178387,1648.9,1665.68,1645.49
FB,2018-06-04,193.28,18881330,191.84,193.98,191.47
GOOG,2018-06-04,1139.29,1881046,1122.33,1141.89,1122.005
NFLX,2018-06-04,361.81,7662865,362.685,363.0,355.51
AAPL,2018-06-05,193.31,21535570,193.065,193.94,192.36
AMZN,2018-06-05,1696.35,4733275,1672.99,1699.0,1670.06
FB,2018-06-05,192.94,15059480,194.3,195.0,192.62
GOOG,2018-06-05,1139.66,1538169,1140.99,1145.738,1133.19
NFLX,2018-06-05,365.8,8346886,363.32,369.83,361.4124
AAPL,2018-06-06,193.98,20912820,193.63,194.08,191.92
AMZN,2018-06-06,1695.75,5466032,1704.51,1714.5,1686.47
FB,2018-06-06,191.34,22500160,191.025,192.53,189.11
GOOG,2018-06-06,1136.88,1697489,1142.17,1143.0,1125.7429
NFLX,2018-06-06,367.45,7700033,367.7848,369.6799,363.33
AAPL,2018-06-07,193.46,21329170,194.14,194.2,192.335
AMZN,2018-06-07,1689.3,3756128,1698.558,1699.9,1676.105
FB,2018-06-07,188.18,21451790,190.75,190.97,186.77
GOOG,2018-06-07,1123.86,1519860,1131.32,1135.82,1116.52
NFLX,2018-06-07,361.4,8260323,368.54,368.7,357.8
AAPL,2018-06-08,191.7,26580710,191.17,192.0,189.77
AMZN,2018-06-08,1683.99,2949020,1681.12,1689.44,1673.01
FB,2018-06-08,189.1,12503130,187.53,189.4754,186.43
GOOG,2018-06-08,1120.87,1289859,1118.18,1126.67,1112.15
NFLX,2018-06-08,360.57,5222873,358.06,362.39,356.25
AAPL,2018-06-11,191.23,18069930,191.35,191.97,190.21
AMZN,2018-06-11,1689.12,2317881,1681.51,1694.2436,1680.5923
FB,2018-06-11,191.54,12885730,188.81,192.6,188.8
GOOG,2018-06-11,1129.99,1071114,1118.6,1137.26,1118.6
NFLX,2018-06-11,361.45,4415776,361.88,365.67,360.91
AAPL,2018-06-12,192.28,16859020,191.385,192.611,191.15
AMZN,2018-06-12,1698.75,2203056,1693.0,1699.51,1691.5235
FB,2018-06-12,192.4,11217070,192.17,193.28,191.56
GOOG,2018-06-12,1139.32,899231,1131.07,1139.79,1130.735
NFLX,2018-06-12,363.83,4220072,363.6,365.98,362.0
AAPL,2018-06-13,190.7,21480120,192.42,192.88,190.44
AMZN,2018-06-13,1704.86,3315258,1702.81,1713.75,1700.12
FB,2018-06-13,192.41,15121450,192.74,194.5,191.91
GOOG,2018-06-13,1134.79,1490017,1141.12,1146.5,1133.38
NFLX,2018-06-13,379.93,18186020,367.53,384.2537,364.11
AAPL,2018-06-14,190.8,21584720,191.55,191.57,190.22
AMZN,2018-06-14,1723.86,3157127,1713.48,1724.7999,1708.87
FB,2018-06-14,196.81,19096760,193.1,197.28,192.91
GOOG,2018-06-14,1152.12,1350085,1143.85,1155.47,1140.64
NFLX,2018-06-14,392.87,14549540,384.27,395.03,383.25
AAPL,2018-06-15,188.84,61438290,190.03,190.16,188.26
AMZN,2018-06-15,1715.97,4729101,1714.0,1720.87,1708.52
FB,2018-06-15,195.85,21833150,195.79,197.07,194.64
GOOG,2018-06-15,1152.26,2119134,1148.86,1153.42,1143.485
NFLX,2018-06-15,391.98,13569210,390.71,398.86,387.51
AAPL,2018-06-18,188.74,18458410,187.88,189.22,187.2
AMZN,2018-06-18,1723.79,3094110,1706.26,1726.7404,1702.56
FB,2018-06-18,198.31,16470990,194.8,199.58,194.13
GOOG,2018-06-18,1173.46,1400641,1143.65,1174.31,1143.59
NFLX,2018-06-18,390.4,6800984,387.72,393.16,386.5
AAPL,2018-06-19,185.69,33538550,185.14,186.33,183.45
AMZN,2018-06-19,1734.78,4278496,1709.04,1736.11,1700.39
FB,2018-06-19,197.49,19968690,196.235,197.96,193.79
GOOG,2018-06-19,1168.06,1616125,1158.5,1171.27,1154.01
NFLX,2018-06-19,404.98,16673810,389.5,405.29,388.5
AAPL,2018-06-20,186.5,20490090,186.35,187.2,185.73
AMZN,2018-06-20,1750.08,4320836,1742.5,1762.93,1741.36
FB,2018-06-20,202.0,28175590,199.1,203.55,198.805
GOOG,2018-06-20,1169.84,1648248,1175.31,1186.2856,1169.16
NFLX,2018-06-20,416.76,16453370,415.15,419.4675,409.6
AAPL,2018-06-21,185.46,25649240,187.25,188.35,184.94
AMZN,2018-06-21,1730.22,4913177,1760.0,1763.1,1717.56
FB,2018-06-21,201.5,18906350,202.76,203.39,200.09
GOOG,2018-06-21,1157.66,1232352,1174.85,1177.295,1152.232
NFLX,2018-06-21,415.44,18048570,421.38,423.2056,406.3701
AAPL,2018-06-22,184.92,27185130,186.12,186.15,184.7
AMZN,2018-06-22,1715.67,4050059,1742.62,1743.0,1711.9
FB,2018-06-22,201.74,17050440,201.16,202.24,199.31
GOOG,2018-06-22,1155.48,1310164,1159.14,1162.4965,1147.26
NFLX,2018-06-22,411.09,10410580,419.98,420.5,409.651
AAPL,2018-06-25,182.17,31632320,183.4,184.92,180.73
AMZN,2018-06-25,1663.15,7494818,1702.51,1705.0,1646.3089
FB,2018-06-25,196.35,25170720,200.0,200.0,193.11
GOOG,2018-06-25,1124.81,2155276,1143.6,1143.91,1112.78
NFLX,2018-06-25,384.48,22458240,404.69,405.99,378.75
AAPL,2018-06-26,184.43,24378480,182.99,186.53,182.54
AMZN,2018-06-26,1691.09,4295320,1672.37,1701.565,1663.34
FB,2018-06-26,199.0,17869610,197.6,199.1,196.23
GOOG,2018-06-26,1118.46,1559791,1128.0,1133.21,1116.6589
NFLX,2018-06-26,399.39,15165630,393.28,404.78,389.05
AAPL,2018-06-27,184.16,24987260,185.22799999999998,187.28,184.03
AMZN,2018-06-27,1660.51,4778872,1708.11,1711.95,1660.0
FB,2018-06-27,195.84,18697530,199.18,200.75,195.8
GOOG,2018-06-27,1103.98,1287698,1121.34,1131.8362,1103.62
NFLX,2018-06-27,390.39,16495200,407.56,411.5865,390.0
AAPL,2018-06-28,185.5,17352380,184.1,186.21,183.8
AMZN,2018-06-28,1701.45,4521788,1672.54,1705.5,1661.1738
FB,2018-06-28,196.23,18153600,195.18,197.34,193.26
GOOG,2018-06-28,1114.22,1072438,1102.09,1122.31,1096.01
NFLX,2018-06-28,395.42,12202630,395.0,396.9,387.1
AAPL,2018-06-29,185.11,22551660,186.29,187.19,182.91
AMZN,2018-06-29,1699.8,4486680,1717.0,1723.41,1694.3156
FB,2018-06-29,194.32,15516540,197.32,197.5997,193.955
GOOG,2018-06-29,1115.65,1275979,1120.0,1128.2265,1115.0
NFLX,2018-06-29,391.43,9228678,399.19,401.3299,390.55
AAPL,2018-07-02,187.18,17675210,183.82,187.3,183.42
AMZN,2018-07-02,1713.78,3180640,1682.7,1713.89,1678.06
FB,2018-07-02,197.36,13735130,193.37,197.45,192.22
GOOG,2018-07-02,1127.46,1188616,1099.0,1128.0,1093.8
NFLX,2018-07-02,398.18,8125655,385.45,398.38,380.0
AAPL,2018-07-03,183.92,13954810,187.79,187.95,183.54
AMZN,2018-07-03,1693.96,2177276,1723.96,1725.0,1692.48
FB,2018-07-03,192.73,13489510,194.55,195.4,192.52
GOOG,2018-07-03,1102.89,679034,1135.82,1135.82,1100.02
NFLX,2018-07-03,390.52,5280344,399.49,399.98,389.5
AAPL,2018-07-05,185.4,16543880,185.26,186.41,184.28
AMZN,2018-07-05,1699.73,2974047,1705.38,1710.69,1682.1501
FB,2018-07-05,198.45,19582000,194.74,198.65,194.03
GOOG,2018-07-05,1124.27,1060752,1110.53,1127.5,1108.48
NFLX,2018-07-05,398.39,8418116,393.8,399.24,390.86
AAPL,2018-07-06,187.97,17426160,185.42,188.43400000000003,185.2
AMZN,2018-07-06,1710.63,2586450,1696.0,1715.2679999999998,1691.67
FB,2018-07-06,203.23,19687900,198.45,203.64,197.7
GOOG,2018-07-06,1140.17,966155,1123.58,1140.93,1120.7371
NFLX,2018-07-06,408.25,8568382,397.45,408.6495,395.5225
AAPL,2018-07-09,190.58,19636390,189.5,190.68,189.3
AMZN,2018-07-09,1739.02,2926194,1724.05,1739.56,1716.23
FB,2018-07-09,204.74,18133700,204.93,205.8,202.1201
GOOG,2018-07-09,1154.05,906073,1148.48,1154.67,1143.42
NFLX,2018-07-09,418.97,11091340,415.95,419.12,411.1
AAPL,2018-07-10,190.35,15801370,190.71,191.28,190.1801
AMZN,2018-07-10,1743.07,2977310,1738.53,1750.0,1731.0
FB,2018-07-10,203.54,12868530,204.5,204.91,202.26
GOOG,2018-07-10,1152.84,789249,1156.98,1159.59,1149.59
NFLX,2018-07-10,415.63,9205902,417.24,419.44,413.08
AAPL,2018-07-11,187.88,18776390,188.5,189.7799,187.61
AMZN,2018-07-11,1755.0,3167209,1737.99,1756.96,1734.0
FB,2018-07-11,202.54,12729340,202.22,204.5,201.75
GOOG,2018-07-11,1153.9,1094301,1144.59,1164.29,1141.0003
NFLX,2018-07-11,418.65,9635060,411.34,419.77,410.6
AAPL,2018-07-12,191.03,18000180,189.53,191.41,189.31
AMZN,2018-07-12,1796.62,4511274,1764.51,1798.0,1762.18
FB,2018-07-12,206.92,15439760,203.43,207.08,203.19
GOOG,2018-07-12,1183.48,1251083,1159.89,1184.41,1155.935
NFLX,2018-07-12,413.5,12703940,415.155,416.79,407.8
AAPL,2018-07-13,191.33,12506830,191.08,191.84,190.9
AMZN,2018-07-13,1813.03,4381802,1803.93,1815.3,1795.225
FB,2018-07-13,207.32,11421420,207.81,208.43,206.45
GOOG,2018-07-13,1188.82,1221687,1185.0,1195.4173,1180.0
NFLX,2018-07-13,395.8,15695110,409.19,410.0,395.08099999999996
AAPL,2018-07-16,190.91,15009800,191.52,192.65,190.415
AMZN,2018-07-16,1822.49,5425916,1821.95,1841.95,1814.45
FB,2018-07-16,207.23,10866950,207.5,208.72,206.84
GOOG,2018-07-16,1183.86,1049560,1189.39,1191.0,1179.28
NFLX,2018-07-16,400.48,22225460,398.98,403.355,391.75
AAPL,2018-07-17,191.45,15515000,189.75,191.87,189.2
AMZN,2018-07-17,1843.93,5660705,1811.56,1851.69,1797.3838
FB,2018-07-17,209.99,15239470,204.9,210.46,204.84
GOOG,2018-07-17,1198.8,1585091,1172.22,1203.04,1170.6
NFLX,2018-07-17,379.48,58303640,346.95,385.0,344.0
AAPL,2018-07-18,190.4,16365720,191.78,191.8,189.93
AMZN,2018-07-18,1842.92,4851208,1848.0,1858.88,1831.27
FB,2018-07-18,209.36,15322340,209.82,210.99,208.44
GOOG,2018-07-18,1195.88,1391232,1196.56,1204.5,1190.34
NFLX,2018-07-18,375.13,21706840,381.24,383.13,372.3552
AAPL,2018-07-19,191.88,20182050,189.69,192.55,189.69
AMZN,2018-07-19,1812.97,4590063,1829.46,1841.0,1811.27
FB,2018-07-19,208.09,11186170,208.77,209.99,207.76
GOOG,2018-07-19,1186.96,1256113,1191.0,1200.0,1183.32
NFLX,2018-07-19,364.23,16829630,371.06,375.749,363.0
AAPL,2018-07-20,191.44,20670830,191.78,192.43,190.17
AMZN,2018-07-20,1813.7,3879448,1825.01,1834.84,1810.06
FB,2018-07-20,209.94,16152700,208.85,211.5,208.5
GOOG,2018-07-20,1184.91,1246898,1186.96,1196.86,1184.22
NFLX,2018-07-20,361.05,15089420,364.92,370.5,360.14
AAPL,2018-07-23,191.61,15955820,190.68,191.96,189.56
AMZN,2018-07-23,1802.0,3858903,1812.21,1819.0,1769.99
FB,2018-07-23,210.91,15933870,210.58,211.62,208.8
GOOG,2018-07-23,1205.5,2584034,1181.01,1206.49,1181.0
NFLX,2018-07-23,362.66,11463490,359.145,363.9,353.6
AAPL,2018-07-24,193.0,18680930,192.45,193.6601,192.05
AMZN,2018-07-24,1829.24,4228340,1829.01,1840.0,1809.3829
FB,2018-07-24,214.67,28318380,215.11,216.2,212.6
GOOG,2018-07-24,1248.08,3303268,1262.59,1266.0,1235.56
NFLX,2018-07-24,357.32,12829360,366.94,367.4,354.56
AAPL,2018-07-25,194.82,16553500,193.06,194.85,192.43
AMZN,2018-07-25,1863.61,3657664,1829.3,1863.84,1822.64
FB,2018-07-25,217.5,45279590,215.715,218.62,214.27
GOOG,2018-07-25,1263.7,2115890,1239.13,1265.86,1239.13
NFLX,2018-07-25,362.87,8382441,357.57,363.28,355.65
AAPL,2018-07-26,194.21,19005150,194.61,195.96,193.61
AMZN,2018-07-26,1808.0,9637399,1839.0,1844.68,1804.5
FB,2018-07-26,176.26,169059900,174.89,180.13,173.75
GOOG,2018-07-26,1268.33,2334881,1251.0,1269.7707,1249.02
NFLX,2018-07-26,363.09,6961506,358.19,365.54,356.625
AAPL,2018-07-27,190.98,23975350,194.99,195.19,190.1
AMZN,2018-07-27,1817.27,9670042,1876.05,1880.05,1806.53
FB,2018-07-27,174.89,59700640,179.87,179.93,173.0
GOOG,2018-07-27,1238.5,2115802,1271.0,1273.89,1231.0
NFLX,2018-07-27,355.21,8938523,366.85,367.0,351.65
AAPL,2018-07-30,189.91,20912890,191.9,192.2,189.07
AMZN,2018-07-30,1779.22,6542712,1827.33,1829.5,1766.02
FB,2018-07-30,171.06,65129810,175.3,175.3,166.56
GOOG,2018-07-30,1219.74,1822782,1228.01,1234.9160000000002,1211.47
NFLX,2018-07-30,334.96,18227810,351.93,352.03,334.0201
AAPL,2018-07-31,190.29,37847260,190.3,192.14,189.34
AMZN,2018-07-31,1777.44,5716449,1786.49,1801.83,1739.32
FB,2018-07-31,172.58,40213830,170.67,174.24,170.0
GOOG,2018-07-31,1217.26,1632823,1220.01,1227.5877,1205.6
NFLX,2018-07-31,337.45,14039440,331.51,342.5,328.0
AAPL,2018-08-01,201.5,67812280,199.13,201.76,197.31
AMZN,2018-08-01,1797.17,4139144,1784.0,1798.4365,1776.02
FB,2018-08-01,171.65,33979910,173.93,175.08,170.9
GOOG,2018-08-01,1220.01,1567142,1228.0,1233.47,1210.21
NFLX,2018-08-01,338.38,7761986,335.87,344.41,334.02
AAPL,2018-08-02,207.39,62317430,200.58,208.38,200.35
AMZN,2018-08-02,1834.33,4337911,1788.77,1836.56,1786.0
FB,2018-08-02,176.37,32235750,170.68,176.79,170.27
GOOG,2018-08-02,1226.15,1520488,1205.9,1229.88,1204.79
NFLX,2018-08-02,344.5,7111670,337.23,345.0,334.71
AAPL,2018-08-03,207.99,33408050,207.03,208.74,205.4803
AMZN,2018-08-03,1823.29,3454718,1837.744,1841.0,1821.501
FB,2018-08-03,177.78,24730780,177.69,178.85,176.15
GOOG,2018-08-03,1223.71,1072524,1229.62,1230.0,1215.06
NFLX,2018-08-03,343.09,8836308,347.75,347.86,338.4768
AAPL,2018-08-06,209.07,25396100,208.0,209.25,207.07
AMZN,2018-08-06,1847.75,3383971,1825.81,1847.77,1818.92
FB,2018-08-06,185.69,49600350,178.97,185.79,178.38
GOOG,2018-08-06,1224.77,1080923,1225.0,1226.0876,1215.7965
NFLX,2018-08-06,350.92,8186587,342.865,351.98,341.74
AAPL,2018-08-07,207.11,25525650,209.32,209.5,206.76
AMZN,2018-08-07,1862.48,3332789,1854.53,1869.72,1846.2673
FB,2018-08-07,183.81,33127670,186.5,188.3,183.72
GOOG,2018-08-07,1242.22,1493073,1237.0,1251.17,1236.17
NFLX,2018-08-07,351.83,7952555,353.23,357.31,349.01
AAPL,2018-08-08,207.25,22493750,206.05,207.81,204.52
AMZN,2018-08-08,1886.52,3922462,1861.0,1891.51,1854.5
FB,2018-08-08,185.18,22178460,184.75,186.85,183.76
GOOG,2018-08-08,1245.61,1369650,1240.47,1256.5,1238.0083
NFLX,2018-08-08,347.61,5392715,352.21,352.29,346.61
AAPL,2018-08-09,208.88,23389530,207.28,209.78,207.2
AMZN,2018-08-09,1898.52,4844363,1882.0,1914.57,1877.48
FB,2018-08-09,183.09,19652850,185.84900000000002,186.57,182.48
GOOG,2018-08-09,1249.1,805227,1249.9,1255.542,1246.01
NFLX,2018-08-09,349.36,4680889,347.96,352.439,345.8157
AAPL,2018-08-10,207.53,24592460,207.36,209.1,206.67
AMZN,2018-08-10,1886.3,3623734,1888.51,1899.5,1878.2125
FB,2018-08-10,180.26,21467940,182.04,182.1,179.42
GOOG,2018-08-10,1237.61,1107323,1243.0,1245.695,1232.0
NFLX,2018-08-10,345.87,4327581,346.91,349.1,344.4233
AAPL,2018-08-13,208.87,25864510,207.7,210.952,207.7
AMZN,2018-08-13,1896.2,5508481,1898.5,1925.0,1893.67
FB,2018-08-13,180.05,17349150,180.1,182.61,178.9
GOOG,2018-08-13,1235.01,957153,1236.98,1249.2728,1233.6405
NFLX,2018-08-13,341.31,6884455,339.89,347.19,339.07
AAPL,2018-08-14,209.75,20679270,210.155,210.56,208.26
AMZN,2018-08-14,1919.65,3918758,1919.39,1921.01,1900.0
FB,2018-08-14,181.11,18961200,180.71,181.99,178.62
GOOG,2018-08-14,1242.1,1342534,1235.19,1245.8695,1225.11
NFLX,2018-08-14,337.49,5791723,342.09,342.41,336.25
AAPL,2018-08-15,210.24,28595230,209.22,210.74,208.33
AMZN,2018-08-15,1882.62,7658108,1909.55,1916.21,1869.79
FB,2018-08-15,179.53,32658240,179.34,180.87,174.78
GOOG,2018-08-15,1214.38,1815642,1229.26,1235.24,1209.51
NFLX,2018-08-15,326.4,11746500,334.03,335.4962,321.0
AAPL,2018-08-16,213.32,27595310,211.75,213.8121,211.47
AMZN,2018-08-16,1886.52,3884253,1903.94,1905.0,1883.5525
FB,2018-08-16,174.7,31161240,180.42,180.5,174.01
GOOG,2018-08-16,1206.49,1319985,1224.73,1225.9999,1202.55
NFLX,2018-08-16,322.44,6674219,329.9,331.17,321.2138
AAPL,2018-08-17,217.58,35034410,213.44,217.95,213.16
AMZN,2018-08-17,1882.22,4088548,1885.8,1888.0,1855.55
FB,2018-08-17,173.8,24819470,174.5,176.22,172.04
GOOG,2018-08-17,1200.96,1381724,1202.03,1209.02,1188.24
NFLX,2018-08-17,316.78,10370280,319.01,324.365,312.96
AAPL,2018-08-20,215.46,30149410,218.1,219.18,215.11
AMZN,2018-08-20,1876.71,2854320,1890.57,1891.7465,1866.0610000000001
FB,2018-08-20,172.5,21449120,174.04,174.57,170.91
GOOG,2018-08-20,1207.77,864462,1205.02,1211.0,1194.6264
NFLX,2018-08-20,327.73,13564480,314.64,331.6,310.928
AAPL,2018-08-21,215.04,25682700,216.8,217.19,214.025
AMZN,2018-08-21,1883.42,3068215,1880.0,1897.75,1874.405
FB,2018-08-21,172.62,19475690,172.81,174.17,171.39
GOOG,2018-08-21,1201.62,1187884,1208.0,1217.26,1200.3537
NFLX,2018-08-21,338.02,14501880,331.0,341.5,329.7
AAPL,2018-08-22,215.05,18965930,214.1,216.36,213.84
AMZN,2018-08-22,1904.9,3058369,1876.64,1905.8,1876.64
FB,2018-08-22,173.64,16760320,172.21,174.24,172.13
GOOG,2018-08-22,1207.33,881463,1200.0,1211.84,1199.0
NFLX,2018-08-22,344.44,8912548,338.49,346.21,337.406
AAPL,2018-08-23,215.49,18505780,214.65,217.05,214.6
AMZN,2018-08-23,1902.9,3548197,1907.17,1919.5,1900.76
FB,2018-08-23,172.9,17945260,173.09,175.55,172.83
GOOG,2018-08-23,1205.38,988509,1207.14,1221.28,1204.24
NFLX,2018-08-23,339.17,11312170,348.11,350.08,337.65
AAPL,2018-08-24,216.16,18457720,216.6,216.9,215.11
AMZN,2018-08-24,1905.39,2781770,1910.51,1916.01,1902.54
FB,2018-08-24,174.645,14519920,173.7,174.82,172.92
GOOG,2018-08-24,1220.65,946529,1208.82,1221.65,1206.3588
NFLX,2018-08-24,358.82,14705630,346.0,359.15,344.541
AAPL,2018-08-27,217.94,20400770,217.15,218.74,216.33
AMZN,2018-08-27,1927.68,3546496,1915.0,1927.7,1909.281
FB,2018-08-27,177.46,17853600,175.99,178.67,175.79
GOOG,2018-08-27,1241.82,1154962,1227.6,1243.09,1225.7160000000001
NFLX,2018-08-27,364.58,17371910,367.145,374.49,360.0
AAPL,2018-08-28,219.7,22751390,219.01,220.54,218.92
AMZN,2018-08-28,1932.82,3070482,1937.73,1941.7771,1928.82
FB,2018-08-28,176.26,15720690,178.1,178.2399,175.83
GOOG,2018-08-28,1231.15,1296532,1241.29,1242.545,1228.69
NFLX,2018-08-28,368.49,9190409,367.23,369.99,360.38
AAPL,2018-08-29,222.98,27074260,220.15,223.49,219.41
AMZN,2018-08-29,1998.1,6432354,1953.45,1998.6899,1948.94
FB,2018-08-29,175.9,18357780,176.295,176.79,174.75
GOOG,2018-08-29,1249.3,1295939,1237.45,1250.66,1236.3588
NFLX,2018-08-29,368.04,8103592,367.2,369.86,362.91
AAPL,2018-08-30,225.03,48696960,223.25,228.26,222.4
AMZN,2018-08-30,2002.38,7254573,1997.42,2025.57,1986.9
FB,2018-08-30,177.64,24105390,175.9,179.7901,175.7
GOOG,2018-08-30,1239.12,1320261,1244.23,1253.635,1232.59
NFLX,2018-08-30,370.98,10969500,365.0,376.8085,363.54
AAPL,2018-08-31,227.63,43177540,226.51,228.87,226.0
AMZN,2018-08-31,2012.71,4148432,2007.0,2022.38,2004.74
FB,2018-08-31,175.73,18025110,177.15,177.62,174.9815
GOOG,2018-08-31,1218.19,1812366,1234.98,1238.66,1211.2854
NFLX,2018-08-31,367.68,7918045,370.66,376.0,367.0766
AAPL,2018-09-04,228.36,27363960,228.41,229.18,226.63
AMZN,2018-09-04,2039.51,5703128,2026.5,2050.5,2013.0
FB,2018-09-04,171.16,29460630,173.5,173.89,168.8
GOOG,2018-09-04,1197.0,1800509,1204.27,1212.99,1192.5
NFLX,2018-09-04,363.6,7590605,366.47,368.88,361.26
AAPL,2018-09-05,226.87,33290830,228.99,229.67,225.1
AMZN,2018-09-05,1994.82,8197117,2038.11,2040.38,1989.89
FB,2018-09-05,167.18,31191210,169.49,171.125,166.67
GOOG,2018-09-05,1186.48,2043732,1193.8,1199.0096,1162.0
NFLX,2018-09-05,341.18,13072940,360.0,363.39,335.83
AAPL,2018-09-06,223.1,34121240,226.23,227.35,221.3
AMZN,2018-09-06,1958.31,7473086,2006.505,2007.5,1935.2089999999998
FB,2018-09-06,162.53,41418330,166.98,166.98,160.0
GOOG,2018-09-06,1171.44,1886690,1186.3,1186.3,1152.0
NFLX,2018-09-06,346.46,13029930,347.44,356.0,341.99
AAPL,2018-09-07,221.3,37418910,221.85,225.37,220.71
AMZN,2018-09-07,1952.07,4856982,1938.71,1975.2,1937.35
FB,2018-09-07,163.04,24151910,160.31,164.6269,160.16
GOOG,2018-09-07,1164.83,1401034,1158.67,1175.26,1157.215
NFLX,2018-09-07,348.68,9094700,342.2,355.75,341.25
AAPL,2018-09-10,218.33,39194720,220.95,221.85,216.47
AMZN,2018-09-10,1939.01,4481091,1971.0,1973.04,1931.5158
FB,2018-09-10,164.18,19896190,163.51,165.01,162.16
GOOG,2018-09-10,1164.64,1115259,1172.19,1174.54,1160.11
NFLX,2018-09-10,348.41,5732200,352.27,352.5,343.08
AAPL,2018-09-11,223.85,35644510,218.01,224.299,216.56
AMZN,2018-09-11,1987.15,5016780,1928.27,1988.88,1917.0
FB,2018-09-11,165.94,20285090,163.94,167.19,163.72
GOOG,2018-09-11,1177.36,1209171,1161.63,1178.68,1156.24
NFLX,2018-09-11,355.93,6190391,344.67,356.15,343.9001
AAPL,2018-09-12,221.07,49118510,224.94,225.0,219.84
AMZN,2018-09-12,1990.0,4407334,1994.0,2000.0,1962.44
FB,2018-09-12,162.0,24033850,163.25,164.49,161.8
GOOG,2018-09-12,1162.82,1291304,1172.72,1178.61,1158.36
NFLX,2018-09-12,369.95,10360140,359.08,370.43,356.24
AAPL,2018-09-13,226.41,41411350,223.52,228.35,222.57
AMZN,2018-09-13,1989.87,3605398,2000.0,2008.76,1982.0277
FB,2018-09-13,161.36,25376900,162.0,163.32,160.86
GOOG,2018-09-13,1175.33,1402005,1170.74,1178.61,1162.85
NFLX,2018-09-13,368.15,8349938,371.91,374.09,366.84
AAPL,2018-09-14,223.84,31801970,225.75,226.84,222.52200000000002
AMZN,2018-09-14,1970.19,3587896,1992.93,1993.648,1959.22
FB,2018-09-14,162.32,21682850,161.715,162.84,160.34
GOOG,2018-09-14,1172.53,934300,1179.1,1180.425,1168.3295
NFLX,2018-09-14,364.56,4735893,368.55,371.09,363.46
AAPL,2018-09-17,217.88,36810120,222.15,222.95,217.27
AMZN,2018-09-17,1908.03,6981550,1954.73,1956.82,1887.41
FB,2018-09-17,160.58,20951950,161.92,162.06,159.77
GOOG,2018-09-17,1156.05,1279147,1170.14,1177.24,1154.03
NFLX,2018-09-17,350.35,7017306,364.22,367.33,349.57
AAPL,2018-09-18,218.24,31495630,217.79,221.85,217.12
AMZN,2018-09-18,1941.05,4231892,1918.65,1958.2,1915.4391
FB,2018-09-18,160.3,22331470,159.39,161.7639,158.8656
GOOG,2018-09-18,1161.22,1184407,1157.09,1176.08,1157.09
NFLX,2018-09-18,367.65,10387420,353.67,368.15,351.56
AAPL,2018-09-19,218.37,26869880,218.5,219.62,215.3
AMZN,2018-09-19,1926.42,4037641,1940.5,1940.83,1904.9
FB,2018-09-19,163.06,19568020,160.08,163.44,159.48
GOOG,2018-09-19,1171.09,1185321,1164.98,1173.21,1154.58
NFLX,2018-09-19,366.96,11842150,373.95,377.61,359.17
AAPL,2018-09-20,220.03,26388050,220.24,222.28,219.15
AMZN,2018-09-20,1944.3,3142025,1938.58,1955.0,1932.25
FB,2018-09-20,166.02,18812060,164.5,166.45,164.4722
GOOG,2018-09-20,1186.87,1209855,1179.99,1189.89,1173.36
NFLX,2018-09-20,365.36,6756310,370.26,370.26,363.17
AAPL,2018-09-21,217.66,95584080,220.78,221.36,217.29
AMZN,2018-09-21,1915.01,6774727,1954.22,1957.31,1910.5011
FB,2018-09-21,162.93,45847680,166.64,167.25,162.81
GOOG,2018-09-21,1166.09,4363929,1192.0,1192.21,1166.04
NFLX,2018-09-21,361.19,11894650,366.59,372.22,360.74
AAPL,2018-09-24,220.79,27581270,216.82,221.26,216.63
AMZN,2018-09-24,1934.36,4146563,1903.79,1936.88,1865.0
FB,2018-09-24,165.41,18907320,161.03,165.7,160.88
GOOG,2018-09-24,1173.37,1218532,1157.17,1178.0,1146.91
NFLX,2018-09-24,369.61,9284561,359.0,373.64,354.33
AAPL,2018-09-25,222.19,22811140,219.75,222.82,219.7
AMZN,2018-09-25,1974.55,4351662,1942.9,1975.91,1938.85
FB,2018-09-25,164.91,27430470,161.99,165.59,161.15
GOOG,2018-09-25,1184.65,937577,1176.15,1186.88,1168.0
NFLX,2018-09-25,369.43,6775710,370.23,371.34,364.49199999999996
AAPL,2018-09-26,220.42,23430370,221.0,223.75,219.76
AMZN,2018-09-26,1974.85,4262097,1968.5,1995.25,1961.52
FB,2018-09-26,166.95,24271500,164.3,169.3,164.21
GOOG,2018-09-26,1180.49,1346434,1185.15,1194.23,1174.765
NFLX,2018-09-26,377.88,13540220,373.59,382.0,370.88
AAPL,2018-09-27,224.95,29729270,223.82,226.44,223.54
AMZN,2018-09-27,2012.98,4295758,1993.2365,2016.1564,1988.58
FB,2018-09-27,168.84,27192570,167.55,171.77,167.21
GOOG,2018-09-27,1194.64,1244278,1186.73,1202.1,1183.63
NFLX,2018-09-27,380.71,7295123,379.87,383.2,376.0
AAPL,2018-09-28,225.74,22560440,224.79,225.84,224.02
AMZN,2018-09-28,2003.0,3991574,2004.41,2026.52,1996.4648
FB,2018-09-28,164.46,33786480,168.33,168.79,162.56
GOOG,2018-09-28,1193.47,1306822,1191.87,1195.41,1184.5
NFLX,2018-09-28,374.13,7104066,379.24,380.8,373.73
AAPL,2018-10-01,227.26,23171020,227.95,229.42,226.35
AMZN,2018-10-01,2004.36,3457725,2021.99,2033.19,2003.6
FB,2018-10-01,162.44,26260420,163.03,165.88,161.26
GOOG,2018-10-01,1195.31,1345250,1199.89,1209.9,1190.3
NFLX,2018-10-01,381.43,8339887,375.85,386.11,375.59
AAPL,2018-10-02,229.28,24435010,227.25,230.0,226.63
AMZN,2018-10-02,1971.31,5360924,1999.99,2013.39,1965.77
FB,2018-10-02,159.33,35303190,161.58,162.28,158.67
GOOG,2018-10-02,1200.11,1655602,1190.96,1209.96,1186.63
NFLX,2018-10-02,377.14,8620881,384.38,386.7999,373.83
AAPL,2018-10-03,232.07,28540490,230.05,233.47,229.78
AMZN,2018-10-03,1952.76,5167224,1981.7,1989.7,1949.81
FB,2018-10-03,162.43,23086120,160.0,163.66,159.53
GOOG,2018-10-03,1202.95,1207280,1205.0,1206.41,1193.83
NFLX,2018-10-03,377.05,5791686,378.53,380.93,374.881
AAPL,2018-10-04,227.99,31961120,230.78,232.35,226.73
AMZN,2018-10-04,1909.42,7240549,1949.0,1956.0,1896.57
FB,2018-10-04,158.85,25707300,161.46,161.46,157.35
GOOG,2018-10-04,1168.19,2151762,1195.33,1197.51,1155.576
NFLX,2018-10-04,363.65,9052362,375.88,375.92,360.4
AAPL,2018-10-05,224.29,33507770,227.96,228.41,220.58
AMZN,2018-10-05,1889.65,6816213,1917.99,1929.08,1862.83
FB,2018-10-05,157.33,25727470,159.21,160.9,156.2
GOOG,2018-10-05,1157.35,1184245,1167.5,1173.4999,1145.12
NFLX,2018-10-05,351.35,13512410,359.77,363.5,343.0
AAPL,2018-10-08,223.77,28784550,222.21,224.8,220.2
AMZN,2018-10-08,1864.42,7346828,1874.0,1901.9962,1830.6627
FB,2018-10-08,157.25,23825100,155.54,158.34,154.39
GOOG,2018-10-08,1148.97,1877142,1150.11,1168.0,1127.3636
NFLX,2018-10-08,349.1,12367510,345.18,352.945,338.11
AAPL,2018-10-09,226.87,26656630,223.64,227.27,222.2462
AMZN,2018-10-09,1870.32,4732430,1859.99,1896.6759,1852.32
FB,2018-10-09,157.9,18494270,157.69,160.59,157.42
GOOG,2018-10-09,1138.82,1308706,1146.15,1154.35,1137.572
NFLX,2018-10-09,355.71,8730976,348.48,358.72,347.09
AAPL,2018-10-10,216.36,41084070,225.46,226.35,216.05
AMZN,2018-10-10,1755.25,10878990,1857.89,1858.56,1754.41
FB,2018-10-10,151.38,30143210,156.82,157.69,151.31
GOOG,2018-10-10,1081.22,2574985,1131.08,1132.17,1081.13
NFLX,2018-10-10,325.89,17063660,353.52,355.15,325.39
AAPL,2018-10-11,214.45,52902320,214.52,219.5,212.32
AMZN,2018-10-11,1719.36,13858970,1724.0,1755.4,1685.1
FB,2018-10-11,153.35,35225150,150.13,154.81,149.16
GOOG,2018-10-11,1079.32,2939514,1072.94,1106.4,1068.27
NFLX,2018-10-11,321.1,16020690,324.94,334.2,315.81
AAPL,2018-10-12,222.11,39494770,220.42,222.88,216.84
AMZN,2018-10-12,1788.61,9385256,1808.0,1808.95,1742.53
FB,2018-10-12,153.74,25209770,156.73,156.89,151.2998
GOOG,2018-10-12,1110.08,2029872,1108.0,1115.0,1086.402
NFLX,2018-10-12,339.56,14806860,339.57,341.3,328.9
AAPL,2018-10-15,217.36,30280450,221.16,221.83,217.27
AMZN,2018-10-15,1760.95,6360606,1795.0,1795.05,1734.23
FB,2018-10-15,153.52,15194060,153.32,155.57,152.55
GOOG,2018-10-15,1092.25,1343231,1108.91,1113.4464,1089.0
NFLX,2018-10-15,333.13,11177510,337.63,339.2057,326.93
AAPL,2018-10-16,222.15,28802550,218.93,222.99,216.7627
AMZN,2018-10-16,1819.96,5826985,1783.5,1823.88,1761.55
FB,2018-10-16,158.78,18711620,155.4,159.46,155.01
GOOG,2018-10-16,1121.28,1845491,1104.59,1124.22,1102.5
NFLX,2018-10-16,346.4,19670560,337.24,347.95,330.555
AAPL,2018-10-17,221.19,22692880,222.3,222.64,219.34
AMZN,2018-10-17,1831.73,5282597,1842.79,1845.0,1807.0
FB,2018-10-17,159.42,17307030,159.56,160.49,157.95
GOOG,2018-10-17,1115.69,1397613,1126.46,1128.99,1102.19
NFLX,2018-10-17,364.7,32564190,378.33,380.0,356.5
AAPL,2018-10-18,216.02,32389280,217.86,219.74,213.0
AMZN,2018-10-18,1770.72,5839352,1821.49,1830.15,1767.87
FB,2018-10-18,154.92,21123820,158.51,158.66,153.28
GOOG,2018-10-18,1087.97,2056606,1121.84,1121.84,1077.09
NFLX,2018-10-18,346.71,18067760,360.673,362.2,346.05
AAPL,2018-10-19,219.31,32874330,218.06,221.26,217.43
AMZN,2018-10-19,1764.03,5854417,1785.16,1809.1,1753.0
FB,2018-10-19,154.05,19636460,155.86,157.35,153.55
GOOG,2018-10-19,1096.46,1264605,1093.37,1110.36,1087.75
NFLX,2018-10-19,332.67,16696220,351.0,355.8,332.2
AAPL,2018-10-22,220.65,28751540,219.79,223.36,218.94
AMZN,2018-10-22,1789.3,4481334,1784.0,1809.4999,1756.0
FB,2018-10-22,154.78,15381630,154.76,157.34,154.46
GOOG,2018-10-22,1101.16,1494285,1103.06,1112.23,1091.0
NFLX,2018-10-22,329.54,17081350,333.1,335.8,320.34
AAPL,2018-10-23,222.73,38681170,215.83,223.25,214.7
AMZN,2018-10-23,1768.7,6705686,1742.24,1776.34,1714.0
FB,2018-10-23,154.39,19066360,151.22,154.77,150.85
GOOG,2018-10-23,1103.69,1847798,1080.89,1107.89,1070.0
NFLX,2018-10-23,333.16,14880870,318.0,336.58,316.77
AAPL,2018-10-24,215.09,39992120,222.6,224.23,214.54
AMZN,2018-10-24,1664.2,6845123,1773.7,1777.7099,1656.56
FB,2018-10-24,146.04,27574300,154.28,154.65,145.6
GOOG,2018-10-24,1050.71,1910060,1104.25,1106.12,1048.74
NFLX,2018-10-24,301.83,18926130,332.28,333.0,300.73
AAPL,2018-10-25,219.8,29027340,217.71,221.38,216.75
AMZN,2018-10-25,1782.17,9941447,1703.34,1794.81,1692.0101
FB,2018-10-25,150.95,22000170,147.73,152.21,147.0
GOOG,2018-10-25,1095.57,2511884,1071.79,1110.98,1069.55
NFLX,2018-10-25,312.87,13285040,307.12,319.94,305.25
AAPL,2018-10-26,216.3,47191700,215.9,220.19,212.67
AMZN,2018-10-26,1642.81,14941860,1649.59,1698.46,1603.0
FB,2018-10-26,145.37,31235150,145.82,149.0,143.8
GOOG,2018-10-26,1071.47,4185201,1037.03,1106.53,1034.09
NFLX,2018-10-26,299.83,19591690,300.51,313.99,292.3
AAPL,2018-10-29,212.24,45713690,219.19,219.69,206.09
AMZN,2018-10-29,1538.88,13791810,1660.0,1665.7383,1495.0
FB,2018-10-29,142.09,31270990,148.5,148.83,139.03
GOOG,2018-10-29,1020.08,3873644,1082.47,1097.04,995.83
NFLX,2018-10-29,284.84,21662320,305.26,307.89,275.4
AAPL,2018-10-30,213.3,36487930,211.15,215.18,209.27
AMZN,2018-10-30,1530.42,12395130,1486.16,1540.99,1476.36
FB,2018-10-30,146.22,45351650,139.935,146.64,139.7419
GOOG,2018-10-30,1036.21,3209126,1008.46,1037.49,1000.75
NFLX,2018-10-30,285.81,23622680,275.57,290.525,271.2093
AAPL,2018-10-31,218.86,38016810,216.88,220.45,216.62
AMZN,2018-10-31,1598.01,9372899,1569.99,1623.91,1565.09
FB,2018-10-31,151.79,59983970,155.0,156.4,148.96
GOOG,2018-10-31,1076.77,2528584,1059.81,1091.94,1057.0
NFLX,2018-10-31,301.78,20092970,297.77,311.5,295.05
AAPL,2018-11-01,222.22,52954070,219.05,222.36,216.81
AMZN,2018-11-01,1665.53,8054045,1623.53,1670.4465,1598.44
FB,2018-11-01,151.75,25435380,151.52,152.75,149.35
GOOG,2018-11-01,1070.0,1456222,1075.8,1083.975,1062.46
NFLX,2018-11-01,317.38,15031690,304.59,318.45,296.67
AAPL,2018-11-02,207.48,91046560,209.55,213.65,205.43
AMZN,2018-11-02,1665.53,6932644,1678.59,1697.44,1651.83
FB,2018-11-02,150.35,24479290,151.8,154.13,148.96
GOOG,2018-11-02,1057.79,1829295,1073.73,1082.975,1054.61
NFLX,2018-11-02,309.1,13356130,318.0,321.88,308.33
AAPL,2018-11-05,201.59,66072170,204.3,204.39,198.17
AMZN,2018-11-05,1627.8,5615749,1657.57,1658.09,1596.36
FB,2018-11-05,148.68,15894150,150.1,150.19,147.44
GOOG,2018-11-05,1040.09,2436742,1055.0,1058.47,1021.24
NFLX,2018-11-05,315.44,10247430,311.1,317.53,303.74
AAPL,2018-11-06,203.77,31774720,201.92,204.72,201.69
AMZN,2018-11-06,1642.81,4206093,1618.35,1665.0,1614.55
FB,2018-11-06,149.94,16302120,149.31,150.97,148.0
GOOG,2018-11-06,1055.81,1225197,1039.48,1064.345,1038.07
NFLX,2018-11-06,310.84,9659785,314.76,320.22,305.3
AAPL,2018-11-07,209.95,33291640,205.97,210.06,204.13
AMZN,2018-11-07,1755.49,8166777,1673.0,1759.23,1664.075
FB,2018-11-07,151.53,21740210,151.57,153.01,149.83
GOOG,2018-11-07,1093.39,2057155,1069.0,1095.46,1065.9
NFLX,2018-11-07,327.5,13308030,312.9,328.56,311.0
AAPL,2018-11-08,208.49,25289270,209.98,210.12,206.75
AMZN,2018-11-08,1754.91,6520345,1755.0,1784.0,1725.11
FB,2018-11-08,147.87,24061590,150.49,150.94,146.74
GOOG,2018-11-08,1082.4,1463022,1091.38,1093.27,1072.2048
NFLX,2018-11-08,317.92,11008020,328.0,332.0499,316.6103
AAPL,2018-11-09,204.47,34317760,205.55,206.01,202.25
AMZN,2018-11-09,1712.43,5892058,1732.5,1743.9206,1701.87
FB,2018-11-09,144.96,17305480,146.75,147.76,144.07
GOOG,2018-11-09,1066.15,1343154,1073.99,1075.56,1053.11
NFLX,2018-11-09,303.47,13463170,311.07,312.98,298.01
AAPL,2018-11-12,194.17,50991030,199.0,199.85,193.79
AMZN,2018-11-12,1636.85,6763693,1698.24,1708.55,1630.01
FB,2018-11-12,141.55,18387680,144.48,145.04,140.4899
GOOG,2018-11-12,1038.63,1429319,1061.39,1062.12,1031.0
NFLX,2018-11-12,294.07,10886490,300.0,302.49,290.63
AAPL,2018-11-13,192.23,46725710,191.63,197.18,191.4501
AMZN,2018-11-13,1631.17,5901499,1649.29,1677.0638,1613.75
FB,2018-11-13,142.16,15062230,142.0,144.88,141.62
GOOG,2018-11-13,1036.05,1496534,1043.29,1056.605,1031.15
NFLX,2018-11-13,294.4,12117170,295.0,303.55,289.1
AAPL,2018-11-14,186.8,60547340,193.9,194.48,185.93
AMZN,2018-11-14,1599.01,6439170,1656.32,1672.9952,1597.07
FB,2018-11-14,144.22,22019830,143.7,145.58,141.55
GOOG,2018-11-14,1043.66,1561656,1050.0,1054.5643,1031.0
NFLX,2018-11-14,286.73,16807390,300.4,301.84,278.2969
AAPL,2018-11-15,191.41,46271660,188.39,191.97,186.9
AMZN,2018-11-15,1619.44,8379824,1581.01,1624.82,1546.51
FB,2018-11-15,143.85,29803280,142.33,144.84,140.83
GOOG,2018-11-15,1064.71,1819132,1044.71,1071.85,1031.78
NFLX,2018-11-15,290.06,9874546,285.51,292.5,282.16
AAPL,2018-11-16,193.53,36191330,190.5,194.9695,189.46
AMZN,2018-11-16,1593.41,6057199,1587.5,1614.48,1573.12
FB,2018-11-16,139.53,37139590,141.07,141.77,137.77
GOOG,2018-11-16,1061.49,1641232,1059.41,1067.0,1048.98
NFLX,2018-11-16,286.21,9084589,287.14,291.72,281.0
AAPL,2018-11-19,185.86,41626820,190.0,190.7,184.99
AMZN,2018-11-19,1512.29,7741370,1577.01,1581.19,1503.36
FB,2018-11-19,131.55,44051860,137.61,137.75,131.21
GOOG,2018-11-19,1020.0,1837207,1057.2,1060.79,1016.2601
NFLX,2018-11-19,270.6,12486920,283.79,285.09,269.15
AAPL,2018-11-20,176.98,67678680,178.37,181.47,175.51
AMZN,2018-11-20,1495.46,10824410,1437.5,1534.75,1420.0
FB,2018-11-20,132.43,41888940,127.03,134.1592,126.85
GOOG,2018-11-20,1025.76,2447254,1000.0,1031.74,996.02
NFLX,2018-11-20,266.98,16676540,254.63,276.34,250.0
AAPL,2018-11-21,176.78,31096240,179.73,180.27,176.55
AMZN,2018-11-21,1516.73,5707400,1542.99,1550.0,1515.0
FB,2018-11-21,134.82,25365750,134.4,137.19,134.13
GOOG,2018-11-21,1037.61,1531676,1036.76,1048.56,1033.47
NFLX,2018-11-21,262.13,11014290,274.42,275.34,261.51
AAPL,2018-11-23,172.29,23623970,174.94,176.595,172.1
AMZN,2018-11-23,1502.06,2707642,1517.0,1536.2,1501.81
FB,2018-11-23,131.73,11886130,133.65,134.5,131.2551
GOOG,2018-11-23,1023.88,691462,1030.0,1037.59,1022.3992
NFLX,2018-11-23,258.82,5245123,260.11,265.5,256.84
AAPL,2018-11-26,174.62,44662320,174.24,174.95,170.26
AMZN,2018-11-26,1581.33,6226531,1539.0,1584.81,1524.22
FB,2018-11-26,136.38,23459920,133.0,137.0,132.78
GOOG,2018-11-26,1048.62,1846430,1038.35,1049.31,1033.91
NFLX,2018-11-26,261.43,12490330,260.55,266.25,253.8
AAPL,2018-11-27,174.24,41156140,171.51,174.77,170.88
AMZN,2018-11-27,1581.42,5758441,1575.99,1597.65,1558.01
FB,2018-11-27,135.0,20477390,135.75,136.6126,133.71
GOOG,2018-11-27,1044.41,1801334,1041.0,1057.58,1038.49
NFLX,2018-11-27,266.63,10956480,259.24,269.08,256.14
AAPL,2018-11-28,180.94,45941750,176.73,181.29,174.93
AMZN,2018-11-28,1677.75,8429894,1613.92,1681.45,1601.215
FB,2018-11-28,136.76,28701670,136.28,136.7899,131.85
GOOG,2018-11-28,1086.23,2399374,1048.76,1086.84,1035.76
NFLX,2018-11-28,282.65,14773990,271.98,284.0,263.34
AAPL,2018-11-29,179.55,41523580,182.66,182.8,177.7
AMZN,2018-11-29,1673.57,6600424,1674.99,1689.99,1652.3310000000001
FB,2018-11-29,138.68,23935390,135.92,139.99,135.66
GOOG,2018-11-29,1088.3,1403540,1076.08,1094.245,1076.0
NFLX,2018-11-29,288.75,15016520,282.32,290.49,275.5
AAPL,2018-11-30,178.58,39424260,180.29,180.33,177.03
AMZN,2018-11-30,1690.17,5744168,1679.5,1696.0,1666.5
FB,2018-11-30,140.61,25716150,138.26,140.966,137.36
GOOG,2018-11-30,1094.43,2554416,1089.07,1095.57,1077.88
NFLX,2018-11-30,286.13,11835670,288.0,290.81,283.061
AAPL,2018-12-03,184.82,40537700,184.46,184.94,181.21
AMZN,2018-12-03,1772.36,6840412,1769.46,1778.34,1730.0
FB,2018-12-03,141.09,24697080,143.0,143.6799,140.76
GOOG,2018-12-03,1106.43,1900355,1123.14,1124.65,1103.6645
NFLX,2018-12-03,290.3,14098100,293.19,298.72,284.58
AAPL,2018-12-04,176.69,41141250,180.95,182.3899,176.27
AMZN,2018-12-04,1668.4,8653416,1756.0,1770.3382,1665.0
FB,2018-12-04,137.93,30227750,140.73,143.39,137.16
GOOG,2018-12-04,1050.82,2278200,1103.12,1104.42,1049.98
NFLX,2018-12-04,275.33,12762320,288.13,295.74,274.72
AAPL,2018-12-06,174.72,42704910,171.76,174.78,170.42
AMZN,2018-12-06,1699.19,8701197,1614.87,1701.05,1609.85
FB,2018-12-06,139.63,27625310,133.82,139.7,133.67
GOOG,2018-12-06,1068.73,2758098,1034.26,1071.2,1030.7701
NFLX,2018-12-06,282.88,13043830,268.33,283.22,267.14
AAPL,2018-12-07,168.49,41678680,173.49,174.49,168.3
AMZN,2018-12-07,1629.13,7508939,1705.07,1718.9262,1625.46
FB,2018-12-07,137.42,20583170,139.25,140.87,136.6566
GOOG,2018-12-07,1036.58,2098526,1060.01,1075.26,1028.5
NFLX,2018-12-07,265.14,12454720,282.48,284.209,263.38
AAPL,2018-12-10,169.6,61759000,165.0,170.09,163.33
AMZN,2018-12-10,1641.03,7467159,1623.84,1657.99,1590.87
FB,2018-12-10,141.85,26315700,139.6,143.05,139.01
GOOG,2018-12-10,1039.55,1793465,1035.05,1048.45,1023.29
NFLX,2018-12-10,269.7,9582549,264.19,271.18,260.6094
AAPL,2018-12-11,168.63,45968040,171.66,171.79,167.0
AMZN,2018-12-11,1643.24,6217833,1678.0,1679.4684,1619.6
FB,2018-12-11,142.08,19429850,143.88,143.88,141.1
GOOG,2018-12-11,1051.75,1354751,1056.49,1060.6,1039.84
NFLX,2018-12-11,265.32,9823745,274.08,274.5,262.76
AAPL,2018-12-12,169.1,35474680,170.4,171.92,169.02
AMZN,2018-12-12,1663.54,6581356,1669.0,1704.99,1660.27
FB,2018-12-12,144.5,23349970,143.08,147.19,142.51
GOOG,2018-12-12,1063.68,1523276,1068.0,1081.65,1062.79
NFLX,2018-12-12,274.88,11439180,267.66,281.7695,266.48
AAPL,2018-12-13,170.95,31754210,170.49,172.57,169.55
AMZN,2018-12-13,1658.38,5249043,1680.0,1692.12,1641.5
FB,2018-12-13,145.01,18090420,145.57,145.85,143.19
GOOG,2018-12-13,1061.9,1329198,1068.07,1079.7597,1053.93
NFLX,2018-12-13,276.02,8373219,277.64,279.32,271.85
AAPL,2018-12-14,165.48,40620360,169.0,169.08,165.28
AMZN,2018-12-14,1591.91,6347659,1638.0,1642.57,1585.0
FB,2018-12-14,144.06,21773500,143.34,146.01,142.51
GOOG,2018-12-14,1042.1,1685802,1049.98,1062.6,1040.79
NFLX,2018-12-14,266.84,9908930,271.81,277.6665,265.0
AAPL,2018-12-17,163.94,43250420,165.45,168.35,162.73
AMZN,2018-12-17,1520.91,8729020,1566.0,1576.13,1505.01
FB,2018-12-17,140.19,23838160,143.08,144.92,138.42
GOOG,2018-12-17,1016.53,2337631,1037.51,1053.15,1007.9
NFLX,2018-12-17,262.8,9616301,266.51,272.98,261.075
AAPL,2018-12-18,166.07,33753490,165.38,167.53,164.39
AMZN,2018-12-18,1551.48,6468073,1540.0,1567.55,1523.01
FB,2018-12-18,143.66,23678090,141.08,145.93,139.8301
GOOG,2018-12-18,1028.71,2101854,1026.09,1049.48,1021.44
NFLX,2018-12-18,270.94,10330450,263.3,275.75,263.29
AAPL,2018-12-19,160.89,47597670,166.0,167.45,159.09
AMZN,2018-12-19,1495.08,8624401,1543.05,1584.53,1483.18
FB,2018-12-19,133.24,57110060,141.21,144.91,132.5
GOOG,2018-12-19,1023.01,2419322,1033.99,1062.0,1008.05
NFLX,2018-12-19,266.77,13767940,269.96,280.87,263.77
AAPL,2018-12-20,156.83,64398230,160.4,162.11,155.3
AMZN,2018-12-20,1460.83,9912659,1484.0,1509.5,1432.69
FB,2018-12-20,133.4,40202130,130.7,135.57,130.0
GOOG,2018-12-20,1009.41,2659047,1018.13,1034.22,996.36
NFLX,2018-12-20,260.58,16769340,264.64,269.9,251.88
AAPL,2018-12-21,150.73,95497900,156.86,158.16,149.63
AMZN,2018-12-21,1377.45,13556470,1464.99,1480.0,1363.96
FB,2018-12-21,124.95,56624760,133.39,134.9,123.42
GOOG,2018-12-21,979.54,4560424,1015.3,1024.02,973.69
NFLX,2018-12-21,246.39,21359330,263.83,264.5,241.29
AAPL,2018-12-24,146.83,37169230,148.15,151.55,146.59
AMZN,2018-12-24,1343.96,7219996,1346.0,1396.03,1307.0
FB,2018-12-24,124.06,22066000,123.1,129.74,123.02
GOOG,2018-12-24,976.22,1590328,973.9,1003.54,970.11
NFLX,2018-12-24,233.88,9547616,242.0,250.65,233.68
AAPL,2018-12-26,157.17,58133850,148.3,157.23,146.72
AMZN,2018-12-26,1470.9,10332870,1368.89,1473.1567,1363.01
FB,2018-12-26,134.18,39526860,126.0,134.24,125.89
GOOG,2018-12-26,1039.46,2337212,989.01,1040.0,983.0
NFLX,2018-12-26,253.67,14203700,233.92,254.5,231.23
AAPL,2018-12-27,156.15,51608850,155.84,156.77,150.07
AMZN,2018-12-27,1461.64,9631228,1454.2,1469.0,1390.31
FB,2018-12-27,134.52,30305940,132.44,134.99,129.67
GOOG,2018-12-27,1043.88,2102069,1017.15,1043.89,997.0
NFLX,2018-12-27,255.565,12124430,250.11,255.59,240.1
AAPL,2018-12-28,156.23,41740600,157.5,158.52,154.55
AMZN,2018-12-28,1478.02,8822598,1473.35,1513.47,1449.0
FB,2018-12-28,133.2,22351260,135.34,135.92,132.2
GOOG,2018-12-28,1037.08,1399218,1049.62,1055.56,1033.1
NFLX,2018-12-28,256.08,10972920,257.94,261.9144,249.8
AAPL,2018-12-31,157.74,34499390,158.53,159.36,156.48
AMZN,2018-12-31,1501.97,6941598,1510.8,1520.76,1487.0
FB,2018-12-31,131.09,24552820,134.45,134.64,129.95
GOOG,2018-12-31,1035.61,1492541,1050.96,1052.7,1023.59
NFLX,2018-12-31,267.66,13496880,260.16,270.1001,260.0
AAPL,2019-01-02,157.92,35637070,154.89,158.85,154.23
AMZN,2019-01-02,1539.13,7871967,1465.2,1553.36,1460.93
FB,2019-01-02,135.68,27967450,128.99,137.51,128.56
GOOG,2019-01-02,1045.85,1516681,1016.57,1052.32,1015.71
NFLX,2019-01-02,267.66,11612970,259.28,269.7499,256.58
AAPL,2019-01-03,142.19,91106840,143.98,145.72,142.0
AMZN,2019-01-03,1500.28,6934218,1520.01,1538.0,1497.11
FB,2019-01-03,131.74,22448730,134.69,137.17,131.12
GOOG,2019-01-03,1016.06,1829379,1041.0,1056.98,1014.07
NFLX,2019-01-03,271.2,14946970,270.2,275.79,264.43
AAPL,2019-01-04,148.26,57423650,144.53,148.5499,143.8
AMZN,2019-01-04,1575.39,9161701,1530.0,1594.0,1518.3101
FB,2019-01-04,137.95,27973370,134.01,138.0,133.75
GOOG,2019-01-04,1070.71,2080144,1032.59,1070.84,1027.4179
NFLX,2019-01-04,297.57,19299450,281.88,297.8,278.54
AAPL,2019-01-07,147.93,54571440,148.7,148.83,145.9
AMZN,2019-01-07,1629.51,7971720,1602.31,1634.56,1589.185
FB,2019-01-07,138.05,19988840,137.56,138.87,135.91
GOOG,2019-01-07,1068.39,1978077,1071.5,1073.9999,1054.76
NFLX,2019-01-07,315.34,18586260,302.1,316.8,301.65
AAPL,2019-01-08,150.75,40622910,149.56,151.82,148.52
AMZN,2019-01-08,1656.58,8830753,1664.69,1676.61,1616.61
FB,2019-01-08,142.53,26191030,139.89,143.14,139.54
GOOG,2019-01-08,1076.28,1748371,1076.11,1084.56,1060.53
NFLX,2019-01-08,320.27,15279550,319.98,320.593,308.01
AAPL,2019-01-09,153.31,45034370,151.29,154.53,149.63
AMZN,2019-01-09,1659.42,6333528,1652.98,1667.7989,1641.3953
FB,2019-01-09,144.23,22131500,142.95,144.7,141.27
GOOG,2019-01-09,1074.66,1198369,1081.65,1082.63,1066.4
NFLX,2019-01-09,319.96,13307980,317.71,323.3508,313.5
AAPL,2019-01-10,153.8,35661200,152.5,153.97,150.86
AMZN,2019-01-10,1656.22,6487252,1641.01,1663.25,1621.615
FB,2019-01-10,144.2,16057330,143.08,144.56,140.84
GOOG,2019-01-10,1070.33,1444976,1067.66,1071.15,1057.71
NFLX,2019-01-10,324.66,13398180,314.57,325.37,312.5
AAPL,2019-01-11,152.29,26924630,152.88,153.7,151.51
AMZN,2019-01-11,1640.56,4670093,1640.55,1660.2939999999999,1636.22
FB,2019-01-11,143.8,12780600,143.15,145.36,142.57
GOOG,2019-01-11,1057.19,1512651,1063.18,1063.775,1048.48
NFLX,2019-01-11,337.59,19458690,330.96,341.09,328.52
AAPL,2019-01-14,150.0,32018540,150.85,151.27,149.22
AMZN,2019-01-14,1617.21,5989299,1615.0,1648.2,1595.15
FB,2019-01-14,145.39,19864680,142.0,146.57,141.27
GOOG,2019-01-14,1044.69,1127417,1046.92,1051.53,1041.255
NFLX,2019-01-14,332.94,10460420,334.24,335.48,329.13
AAPL,2019-01-15,153.07,28449940,150.27,153.39,150.05
AMZN,2019-01-15,1674.56,5964298,1632.0,1675.16,1626.01
FB,2019-01-15,148.95,24036820,146.01,150.68,145.99
GOOG,2019-01-15,1077.15,1452238,1050.17,1080.05,1047.34
NFLX,2019-01-15,354.64,21133450,349.6,357.22,347.0
AAPL,2019-01-16,154.94,30483120,153.08,155.88,153.0
AMZN,2019-01-16,1683.78,6343614,1684.22,1705.0,1675.8787
FB,2019-01-16,147.54,17977150,149.0,149.6499,146.9975
GOOG,2019-01-16,1080.97,1320530,1080.0,1092.375,1079.34
NFLX,2019-01-16,351.39,15345670,354.0,358.85,348.11
AAPL,2019-01-17,155.86,29616190,154.2,157.66,153.26
AMZN,2019-01-17,1693.22,4179836,1680.0,1700.17,1677.5
FB,2019-01-17,148.3,15480790,146.95,149.0,146.5
GOOG,2019-01-17,1089.9,1223674,1079.47,1091.8,1073.5
NFLX,2019-01-17,353.19,18238350,349.5,355.79,346.41
AAPL,2019-01-18,156.82,33259460,157.5,157.88,155.9806
AMZN,2019-01-18,1696.2,5973318,1712.0,1716.2,1691.54
FB,2019-01-18,150.04,30631520,149.75,152.43,148.55
GOOG,2019-01-18,1098.26,1933754,1100.0,1108.3519999999999,1090.9
NFLX,2019-01-18,339.1,26583340,351.97,353.0,336.73
