ticker,date,open,high,low,close,volume
FB,2018-01-02,177.68,181.58,177.55,181.42,18151903
FB,2018-01-03,181.88,184.78,181.33,184.67,16886563
FB,2018-01-04,184.9,186.21,184.0996,184.33,13880896
FB,2018-01-05,185.59,186.9,184.93,186.85,13574535
FB,2018-01-08,187.2,188.9,186.33,188.28,17994726
FB,2018-01-09,188.7,188.8,187.1,187.87,12393057
FB,2018-01-10,186.94,187.89,185.63,187.84,10529894
FB,2018-01-11,188.4,188.4,187.38,187.77,9588587
FB,2018-01-12,178.06,181.48,177.4,179.37,77551299
FB,2018-01-16,181.5,181.75,178.04,178.39,36183842
FB,2018-01-17,179.26,179.32,175.8,177.6,27992376
FB,2018-01-18,178.13,180.98,177.08,179.8,23304901
FB,2018-01-19,180.85,182.37,180.1702,181.29,26826540
FB,2018-01-22,180.8,185.39,180.41,185.37,21059464
FB,2018-01-23,186.05,189.55,185.55,189.35,25678781
FB,2018-01-24,189.89,190.66,186.52,186.55,24334548
FB,2018-01-25,187.95,188.62,186.6,187.48,17377740
FB,2018-01-26,187.75,190.0,186.81,190.0,17759212
FB,2018-01-29,188.75,188.84,185.6301,185.98,20453172
FB,2018-01-30,183.01,188.18,181.84,187.12,20858556
FB,2018-01-31,188.37,189.83,185.22,186.89,43275144
FB,2018-02-01,188.22,195.32,187.89,193.09,54211293
FB,2018-02-02,192.04,194.21,189.98,190.28,26677484
FB,2018-02-05,186.93,190.61,180.61,181.26,33128206
FB,2018-02-06,178.57,185.77,177.74,185.31,37758505
FB,2018-02-07,184.15,185.0817,179.95,180.18,27601886
FB,2018-02-08,181.01,181.84,171.4815,171.58,38478321
FB,2018-02-09,174.76,176.9,167.18,176.11,39887626
FB,2018-02-12,177.06,177.545,171.84,176.41,32092133
FB,2018-02-13,175.62,175.97,173.1,173.15,21809350
FB,2018-02-14,173.45,179.81,173.2119,179.52,28929704
FB,2018-02-15,180.5,180.5,176.84,179.96,20922120
FB,2018-02-16,178.99,179.88,176.3,177.36,21015610
FB,2018-02-20,175.77,177.95,175.11,176.01,21204921
FB,2018-02-21,176.71,181.27,176.4,177.91,23200804
FB,2018-02-22,178.7,180.21,177.41,178.99,18464192
FB,2018-02-23,179.9,183.39,179.51,183.29,19007288
FB,2018-02-26,184.58,185.66,183.2228,184.93,17599703
FB,2018-02-27,184.45,184.7,181.46,181.46,15849806
FB,2018-02-28,182.3,182.88,178.14,178.32,18783039
FB,2018-03-01,179.01,180.12,174.41,175.94,23201626
FB,2018-03-02,173.29,177.11,172.99,176.62,20025905
FB,2018-03-05,176.2,181.1475,175.89,180.4,16189280
FB,2018-03-06,181.78,182.38,179.11,179.78,15086784
FB,2018-03-07,178.74,183.82,178.07,183.71,19097293
FB,2018-03-08,183.56,184.4,181.45,182.34,17225946
FB,2018-03-09,183.91,185.51,183.21,185.23,18526292
FB,2018-03-12,185.23,186.1,184.22,184.76,15301229
FB,2018-03-13,185.61,185.99,181.11,181.88,18067477
FB,2018-03-14,182.6,184.25,181.85,184.19,16821728
FB,2018-03-15,183.24,184.0,182.19,183.86,15645035
FB,2018-03-16,184.49,185.33,183.41,185.09,24403438
FB,2018-03-19,177.01,177.17,170.06,172.56,88140060
FB,2018-03-20,167.47,170.2,161.95,168.15,129851768
FB,2018-03-21,164.8,173.4,163.3,169.39,106598834
FB,2018-03-22,166.13,170.27,163.72,164.89,73742979
FB,2018-03-23,165.44,167.1,159.02,159.39,53609706
FB,2018-03-26,160.82,161.1,149.02,160.06,126116634
FB,2018-03-27,156.31,162.85,150.75,152.22,79116995
FB,2018-03-28,151.65,155.88,150.8,153.03,60029170
FB,2018-03-29,155.15,161.42,154.14,159.79,59434293
FB,2018-04-02,157.81,159.2,154.111,155.39,36795991
FB,2018-04-03,156.55,157.39,150.81,156.11,42543865
FB,2018-04-04,152.025,155.56,150.51,155.1,49885584
FB,2018-04-05,161.56,161.575,156.65,159.34,41449609
FB,2018-04-06,157.73,161.42,156.81,157.2,41644812
FB,2018-04-09,157.82,160.53,156.04,157.93,34915227
FB,2018-04-10,157.93,165.98,157.01,165.04,58947041
FB,2018-04-11,165.36,168.65,163.25,166.32,56144633
FB,2018-04-12,166.98,167.45,163.1,163.87,38262956
FB,2018-04-13,164.58,165.7036,163.77,164.52,19990561
FB,2018-04-16,165.7249,165.78,163.39,164.83,18119435
FB,2018-04-17,165.83,169.0,165.66,168.66,22743029
FB,2018-04-18,166.88,168.12,165.77,166.36,20969568
FB,2018-04-19,166.2,168.33,165.2,168.1,22234961
FB,2018-04-20,167.79,168.43,165.81,166.28,19119438
FB,2018-04-23,167.27,168.45,165.09,165.84,23088102
FB,2018-04-24,165.43,166.1,158.19,159.69,35079926
FB,2018-04-25,160.1448,161.06,156.19,159.69,41083581
FB,2018-04-26,173.22,176.27,170.8,174.16,77556934
FB,2018-04-27,176.81,177.1,172.6,173.59,29804657
FB,2018-04-30,173.79,175.72,171.71,172.0,20750478
FB,2018-05-01,172.0,174.02,170.23,173.86,26025932
FB,2018-05-02,174.24599999999995,178.08,174.2,176.07,30424450
FB,2018-05-03,175.13,176.12,172.12,174.02,24026071
FB,2018-05-04,173.08,176.98,173.06,176.61,17677844
FB,2018-05-07,177.35,179.5,177.17,177.97,18697195
FB,2018-05-08,178.25,179.04,177.11,178.92,15577211
FB,2018-05-09,179.67,183.01,178.7807,182.66,23282811
FB,2018-05-10,183.15,186.1292,182.5,185.53,21071403
FB,2018-05-11,184.85,188.32,184.18,186.99,21207848
FB,2018-05-14,187.71,187.86,186.2,186.64,15646744
FB,2018-05-15,184.88,185.29,183.2,184.32,15429433
FB,2018-05-16,183.6952,184.32,182.66,183.2,16975495
FB,2018-05-17,182.68,184.06,182.22,183.76,14840675
FB,2018-05-18,183.49,184.19,182.61,182.68,13130451
FB,2018-05-21,183.77,185.3,183.13,184.49,13532864
FB,2018-05-22,184.93,185.42,183.43,183.8,12731419
FB,2018-05-23,182.5,186.91,182.18,186.9,16628100
FB,2018-05-24,185.88,186.8,185.03,185.93,12354742
FB,2018-05-25,186.02,186.33,184.45,184.92,10965061
FB,2018-05-29,184.34,186.81,183.71,185.74,16398937
FB,2018-05-30,186.54,188.0,185.25,187.67,13736866
FB,2018-05-31,187.87,192.72,187.48,191.78,30782631
FB,2018-06-01,193.065,194.5492,192.07,193.99,17307245
FB,2018-06-04,191.84,193.98,191.47,193.28,18939795
FB,2018-06-05,194.3,195.0,192.62,192.94,15544294
FB,2018-06-06,191.0252,192.53,189.11,191.34,22558920
FB,2018-06-07,190.75,190.97,186.77,188.18,21503171
FB,2018-06-08,187.53,189.4754,186.43,189.1,12677092
FB,2018-06-11,188.81,192.6,188.8,191.54,12928907
FB,2018-06-12,192.17,193.28,191.56,192.4,11562704
FB,2018-06-13,192.74,194.5,191.91,192.41,15853821
FB,2018-06-14,193.1,197.28,192.91,196.81,19120866
FB,2018-06-15,195.79,197.07,194.64,195.85,21860931
FB,2018-06-18,194.8,199.58,194.13,198.31,16826023
FB,2018-06-19,196.2352,197.96,193.79,197.49,19993996
FB,2018-06-20,199.1,203.55,198.805,202.0,28230933
FB,2018-06-21,202.76,203.39,200.09,201.5,19045717
FB,2018-06-22,201.16,202.24,199.31,201.74,17420188
FB,2018-06-25,200.0,200.0,193.11,196.35,25275137
FB,2018-06-26,197.6,199.1,196.23,199.0,17897576
FB,2018-06-27,199.18,200.75,195.8,195.84,18734408
FB,2018-06-28,195.18,197.34,193.26,196.23,18172439
FB,2018-06-29,197.32,197.5997,193.955,194.32,15811602
FB,2018-07-02,193.37,197.45,192.22,197.36,13961578
FB,2018-07-03,194.55,195.4,192.52,192.73,13489514
FB,2018-07-05,194.74,198.65,194.03,198.45,19684193
FB,2018-07-06,198.45,203.64,197.7,203.23,19740131
FB,2018-07-09,204.93,205.8,202.1201,204.74,18149437
FB,2018-07-10,204.5,204.91,202.26,203.54,13190067
FB,2018-07-11,202.22,204.5,201.75,202.54,12927377
FB,2018-07-12,203.43,207.08,203.19,206.92,15454706
FB,2018-07-13,207.81,208.43,206.45,207.32,11503401
FB,2018-07-16,207.5,208.72,206.84,207.23,11078209
FB,2018-07-17,204.9,210.46,204.84,209.99,15349892
FB,2018-07-18,209.82,210.99,208.44,209.36,15334907
FB,2018-07-19,208.77,209.99,207.76,208.09,11350429
FB,2018-07-20,208.85,211.5,208.5,209.94,16241508
FB,2018-07-23,210.58,211.62,208.8,210.91,16731969
FB,2018-07-24,215.11,216.2,212.6,214.67,28468681
FB,2018-07-25,215.715,218.62,214.27,217.5,64592585
FB,2018-07-26,174.89,180.13,173.75,176.26,169803668
FB,2018-07-27,179.87,179.93,173.0,174.89,60073749
FB,2018-07-30,175.3,175.3,166.56,171.06,65280787
FB,2018-07-31,170.67,174.24,170.0,172.58,40356471
FB,2018-08-01,173.93,175.08,170.9,171.65,34042109
FB,2018-08-02,170.68,176.79,170.27,176.37,32399954
FB,2018-08-03,177.69,178.85,176.15,177.78,24763434
FB,2018-08-06,178.97,185.79,178.38,185.69,49716192
FB,2018-08-07,186.5,188.3,183.72,183.81,33398562
FB,2018-08-08,184.75,186.85,183.76,185.18,22205230
FB,2018-08-09,185.8492,186.57,182.48,183.09,19732120
FB,2018-08-10,182.04,182.1,179.42,180.26,21500410
FB,2018-08-13,180.1,182.61,178.9,180.05,17423264
FB,2018-08-14,180.71,181.99,178.62,181.11,19101995
FB,2018-08-15,179.34,180.87,174.78,179.53,33020231
FB,2018-08-16,180.42,180.5,174.01,174.7,31351784
FB,2018-08-17,174.5,176.22,172.04,173.8,24893176
FB,2018-08-20,174.04,174.57,170.91,172.5,21518006
FB,2018-08-21,172.81,174.17,171.39,172.62,19578514
FB,2018-08-22,172.21,174.24,172.13,173.64,16894083
FB,2018-08-23,173.09,175.55,172.83,172.9,18053567
FB,2018-08-24,173.7,174.82,172.92,174.645,14631556
FB,2018-08-27,175.99,178.67,175.79,177.46,17921935
FB,2018-08-28,178.1,178.2399,175.83,176.26,15910675
FB,2018-08-29,176.295,176.79,174.75,175.9,18678301
FB,2018-08-30,175.9,179.7901,175.7,177.64,24216532
FB,2018-08-31,177.15,177.62,174.9815,175.73,18065159
FB,2018-09-04,173.5,173.89,168.8,171.16,29808971
FB,2018-09-05,169.49,171.125,166.67,167.18,31226744
FB,2018-09-06,166.98,166.98,160.0,162.53,41514834
FB,2018-09-07,160.31,164.6269,160.16,163.04,24300600
FB,2018-09-10,163.51,165.01,162.16,164.18,20197680
FB,2018-09-11,163.94,167.19,163.72,165.94,20457088
FB,2018-09-12,163.25,164.49,161.8,162.0,24078118
FB,2018-09-13,162.0,163.32,160.86,161.36,25453775
FB,2018-09-14,161.715,162.84,160.34,162.32,21770405
FB,2018-09-17,161.92,162.06,159.77,160.58,21005321
FB,2018-09-18,159.39,161.7639,158.8656,160.3,22465236
FB,2018-09-19,160.08,163.44,159.48,163.06,19628996
FB,2018-09-20,164.5,166.45,164.4722,166.02,18936038
FB,2018-09-21,166.64,167.25,162.81,162.93,45994800
FB,2018-09-24,161.03,165.7,160.88,165.41,19222775
FB,2018-09-25,161.99,165.59,161.15,164.91,27622806
FB,2018-09-26,164.3,169.3,164.21,166.95,25252231
FB,2018-09-27,167.55,171.77,167.21,168.84,27266856
FB,2018-09-28,168.33,168.79,162.56,164.46,34265638
FB,2018-10-01,163.03,165.88,161.26,162.44,26407677
FB,2018-10-02,161.58,162.28,158.67,159.33,36030977
FB,2018-10-03,160.0,163.66,159.53,162.43,23109456
FB,2018-10-04,161.46,161.46,157.35,158.85,25739635
FB,2018-10-05,159.21,160.9,156.2,157.33,25744047
FB,2018-10-08,155.54,158.34,154.39,157.25,24045968
FB,2018-10-09,157.69,160.59,157.42,157.9,18844425
FB,2018-10-10,156.82,157.69,151.31,151.38,30609970
FB,2018-10-11,150.13,154.81,149.16,153.35,35338901
FB,2018-10-12,156.73,156.89,151.2998,153.74,25293492
FB,2018-10-15,153.32,155.57,152.55,153.52,15433521
FB,2018-10-16,155.4,159.46,155.01,158.78,19180095
FB,2018-10-17,159.56,160.49,157.95,159.42,17592003
FB,2018-10-18,158.51,158.66,153.28,154.92,21675084
FB,2018-10-19,155.86,157.35,153.55,154.05,19761347
FB,2018-10-22,154.76,157.34,154.46,154.78,15424658
FB,2018-10-23,151.22,154.77,150.85,154.39,19095032
FB,2018-10-24,154.28,154.65,145.6,146.04,27744597
FB,2018-10-25,147.73,152.21,147.0,150.95,22105696
FB,2018-10-26,145.82,149.0,143.8,145.37,31303341
FB,2018-10-29,148.5,148.83,139.03,142.09,31336784
FB,2018-10-30,139.935,146.64,139.7419,146.22,50528278
FB,2018-10-31,155.0,156.4,148.96,151.79,60101251
FB,2018-11-01,151.52,152.75,149.35,151.75,25640786
FB,2018-11-02,151.8,154.13,148.96,150.35,24708695
FB,2018-11-05,150.1,150.19,147.44,148.68,15969849
FB,2018-11-06,149.31,150.97,148.0,149.94,16667124
FB,2018-11-07,151.57,153.01,149.83,151.53,21877372
FB,2018-11-08,150.49,150.94,146.74,147.87,24145814
FB,2018-11-09,146.75,147.76,144.07,144.96,17326898
FB,2018-11-12,144.48,145.04,140.4899,141.55,18542123
FB,2018-11-13,142.0,144.88,141.62,142.16,15141710
FB,2018-11-14,143.7,145.58,141.55,144.22,22068384
FB,2018-11-15,142.33,144.84,140.83,143.85,30320280
FB,2018-11-16,141.07,141.77,137.77,139.53,37250560
FB,2018-11-19,137.61,137.75,131.21,131.55,44362729
FB,2018-11-20,127.03,134.1592,126.85,132.43,41939475
FB,2018-11-21,134.4,137.19,134.13,134.82,25469735
FB,2018-11-23,133.65,134.5,131.2551,131.73,11886128
FB,2018-11-26,133.0,137.0,132.78,136.38,24263640
FB,2018-11-27,135.75,136.6126,133.71,135.0,20750318
FB,2018-11-28,136.28,136.7899,131.85,136.76,29847505
FB,2018-11-29,135.92,139.99,135.66,138.68,24238713
FB,2018-11-30,138.26,140.966,137.36,140.61,25732577
FB,2018-12-03,143.0,143.6799,140.76,141.09,24819226
FB,2018-12-04,140.73,143.39,137.16,137.93,30307400
FB,2018-12-06,133.82,139.7,133.67,139.63,28218145
FB,2018-12-07,139.25,140.87,136.6566,137.42,21195460
FB,2018-12-10,139.6,143.05,139.01,141.85,26422173
FB,2018-12-11,143.88,143.88,141.1,142.08,20300349
FB,2018-12-12,143.08,147.19,142.51,144.5,23696936
FB,2018-12-13,145.57,145.85,143.19,145.01,18148610
FB,2018-12-14,143.34,146.01,142.51,144.06,21785820
FB,2018-12-17,143.08,144.92,138.42,140.19,24333959
FB,2018-12-18,141.08,145.93,139.8301,143.66,24709084
FB,2018-12-19,141.21,144.91,132.5,133.24,57404894
FB,2018-12-20,130.7,135.57,130.0,133.4,40297944
FB,2018-12-21,133.39,134.9,123.42,124.95,56901491
FB,2018-12-24,123.1,129.74,123.02,124.06,22066002
FB,2018-12-26,126.0,134.24,125.89,134.18,39723370
FB,2018-12-27,132.44,134.99,129.67,134.52,31202509
FB,2018-12-28,135.34,135.92,132.2,133.2,22627569
FB,2018-12-31,134.45,134.64,129.95,131.09,24625308
AAPL,2018-01-02,166.9271,169.0264,166.0442,168.9872,25555934
AAPL,2018-01-03,169.2521,171.2337,168.6929,168.9578,29517899
AAPL,2018-01-04,169.2619,170.1742,168.8106,169.7426,22434597
AAPL,2018-01-05,170.1448,172.0381,169.7622,171.6751,23660018
AAPL,2018-01-08,171.0375,172.2736,170.6255,171.0375,20567766
AAPL,2018-01-09,171.2337,171.734,170.1154,171.0179,21583997
AAPL,2018-01-10,169.8701,170.9884,169.7131,170.9786,23959895
AAPL,2018-01-11,171.2729,172.1545,171.1748,171.9498,18667729
AAPL,2018-01-12,172.8327,173.9903,172.3128,173.7254,25418080
AAPL,2018-01-16,174.52,175.9817,172.7935,172.8425,29565947
AAPL,2018-01-17,172.8033,175.8444,171.7438,175.6972,34386836
AAPL,2018-01-18,175.9621,176.6782,174.8634,175.8542,31193352
AAPL,2018-01-19,175.2166,176.1681,174.0394,175.0694,32425067
AAPL,2018-01-22,173.9314,174.4023,173.2463,173.6371,27108551
AAPL,2018-01-23,173.9314,176.0308,173.4606,173.6764,32689146
AAPL,2018-01-24,173.8824,173.9314,169.9093,170.91,51105090
AAPL,2018-01-25,171.1895,171.6261,167.2901,167.859,41529004
AAPL,2018-01-26,168.7321,168.7321,166.829,168.2514,39143011
AAPL,2018-01-29,166.9271,166.9271,163.8958,164.7689,50640406
AAPL,2018-01-30,162.3802,164.1901,161.5708,163.7977,46048185
AAPL,2018-01-31,163.6996,165.2414,163.3366,164.24900000000005,32478930
AAPL,2018-02-01,163.989,165.4164,163.5917,164.5923,47230787
AAPL,2018-02-02,162.8461,163.6309,157.0582,157.4506,86593825
AAPL,2018-02-05,156.0772,160.7664,153.0361,153.5168,72738522
AAPL,2018-02-06,151.8884,160.6095,151.0741,159.9326,68243838
AAPL,2018-02-07,159.9865,160.2955,156.0463,156.5089,51608580
AAPL,2018-02-08,157.2446,157.9411,152.0846,152.2023,54390516
AAPL,2018-02-09,154.7141,155.5218,147.9865,154.064,70672608
AAPL,2018-02-12,156.1226,161.4318,155.1475,160.2695,60819539
AAPL,2018-02-13,159.5209,162.2789,159.2254,161.875,32549163
AAPL,2018-02-14,160.5995,165.0271,160.4369,164.8596,40644933
AAPL,2018-02-15,167.2433,170.4938,166.4652,170.3953,51147171
AAPL,2018-02-16,169.7748,172.1979,169.1936,169.8437,40176091
AAPL,2018-02-20,169.4694,171.6463,168.8489,169.2724,33930540
AAPL,2018-02-21,170.2377,171.5084,168.445,168.5041,37471623
AAPL,2018-02-22,169.2232,171.3409,169.1345,169.9127,30991940
AAPL,2018-02-23,171.0651,173.0154,170.9371,172.8677,33812360
AAPL,2018-02-26,173.7049,176.6993,173.567,176.2856,38162174
AAPL,2018-02-27,176.4137,177.773,175.4878,175.7143,38928125
AAPL,2018-02-28,176.5713,177.9059,175.3794,175.4484,37782138
AAPL,2018-03-01,175.8621,177.0785,170.0703,172.3752,48801970
AAPL,2018-03-02,170.2082,173.6557,169.8634,173.567,38453950
AAPL,2018-03-05,172.582,175.0741,171.9024,174.1679,28401366
AAPL,2018-03-06,175.2415,175.5764,173.4882,174.0201,23788506
AAPL,2018-03-07,172.3161,173.2124,171.6561,172.4047,31703462
AAPL,2018-03-08,172.84799999999996,174.4634,172.4441,174.2861,23774107
AAPL,2018-03-09,175.2908,177.3002,174.7293,177.2805,32185162
AAPL,2018-03-12,177.5858,179.6543,177.507,178.9944,32207081
AAPL,2018-03-13,179.8513,180.7477,176.5516,177.2706,31693529
AAPL,2018-03-14,177.6154,177.8124,175.143,175.7636,29368356
AAPL,2018-03-15,175.8227,177.5366,175.3992,175.9704,22743798
AAPL,2018-03-16,175.9704,176.4334,174.9559,175.3499,39404688
AAPL,2018-03-19,174.6604,174.8081,171.0553,172.6707,33446771
AAPL,2018-03-20,172.6116,174.1482,172.3161,172.6116,19649350
AAPL,2018-03-21,172.4146,172.4638,168.6913,168.7011,37054935
AAPL,2018-03-22,167.4502,170.09,166.0712,166.3174,41490767
AAPL,2018-03-23,165.8643,167.3714,162.466,162.466,41028784
AAPL,2018-03-26,165.5491,170.5037,163.9436,170.1786,37541236
AAPL,2018-03-27,171.075,172.5229,164.4163,165.8151,40922579
AAPL,2018-03-28,164.7414,167.4699,162.7123,163.9829,41668545
AAPL,2018-03-29,165.2881,169.1739,164.3966,165.2635,38398505
AAPL,2018-04-02,165.362,166.4061,162.0031,164.1799,37586791
AAPL,2018-04-03,165.1256,166.2145,162.4069,165.8643,30278046
AAPL,2018-04-04,162.4069,169.43,162.2986,169.03599999999997,34605489
AAPL,2018-04-05,169.9915,171.6171,169.49900000000005,170.2082,26933197
AAPL,2018-04-06,168.4056,169.893,165.6772,165.8545,35005290
AAPL,2018-04-09,167.332,170.4938,167.2975,167.4994,29017718
AAPL,2018-04-10,170.4052,171.3902,168.9572,170.6514,28614241
AAPL,2018-04-11,169.6467,171.3145,169.1247,169.8536,22431640
AAPL,2018-04-12,170.80900000000003,172.3752,170.4446,171.5281,22889285
AAPL,2018-04-13,172.1585,173.2026,171.2424,172.1092,25124255
AAPL,2018-04-16,172.4048,173.5473,172.2078,173.1829,21578420
AAPL,2018-04-17,173.8428,176.2526,173.764,175.5666,26605442
AAPL,2018-04-18,175.143,176.1379,174.227,175.1726,20754538
AAPL,2018-04-19,172.3259,172.7593,170.0703,170.2082,34808800
AAPL,2018-04-20,168.0362,168.6503,162.9487,163.2343,65491140
AAPL,2018-04-23,164.3324,164.4163,161.6288,162.7615,36515477
AAPL,2018-04-24,163.1851,163.8352,158.8019,160.496,33692017
AAPL,2018-04-25,160.1808,162.9388,159.974,161.1954,28382084
AAPL,2018-04-26,161.6583,163.2442,160.9196,161.7568,27963014
AAPL,2018-04-27,161.5401,161.8652,158.2207,159.8853,35655839
AAPL,2018-04-30,159.6984,164.7513,159.4125,162.7812,42427424
AAPL,2018-05-01,163.9142,166.6622,162.7911,166.5637,53569376
AAPL,2018-05-02,172.5968,175.0839,171.1932,173.9216,66539371
AAPL,2018-05-03,173.24200000000005,174.8377,171.8246,174.2368,34068180
AAPL,2018-05-04,175.5764,181.4864,175.4976,181.0727,56201317
AAPL,2018-05-07,182.4025,184.8551,181.9789,182.3828,42451423
AAPL,2018-05-08,182.2153,183.4269,180.9102,183.2594,28402777
AAPL,2018-05-09,183.7519,184.5892,182.4419,184.5498,23211241
AAPL,2018-05-10,184.9241,187.5146,184.8354,187.1896,27989289
AAPL,2018-05-11,187.3675,187.9311,185.3503,186.4776,26212221
AAPL,2018-05-14,186.8929,187.4071,185.7558,186.0425,20778772
AAPL,2018-05-15,184.6879,184.9746,183.0267,184.3517,23695159
AAPL,2018-05-16,183.9858,186.349,183.9166,186.0722,19183064
AAPL,2018-05-17,185.8942,186.794,184.2726,184.8955,17294029
AAPL,2018-05-18,185.0933,185.7065,184.0451,184.2231,18297728
AAPL,2018-05-21,185.8942,187.15,184.817,185.5283,18400787
AAPL,2018-05-22,186.265,186.7643,184.6879,185.0636,15240704
AAPL,2018-05-23,184.2627,186.3886,183.6793,186.2502,20058415
AAPL,2018-05-24,186.6556,186.7248,184.1242,186.0425,23233975
AAPL,2018-05-25,186.1216,187.5257,185.5481,186.4677,17460963
AAPL,2018-05-29,185.4987,186.6358,184.7768,185.7953,22514075
AAPL,2018-05-30,185.6173,185.8942,184.6879,185.3998,18690547
AAPL,2018-05-31,185.1229,186.1216,184.055,184.7768,27482793
AAPL,2018-06-01,185.8855,188.1289,185.647,188.1091,23442510
AAPL,2018-06-04,189.4885,191.2535,189.2067,189.6813,26266174
AAPL,2018-06-05,190.9025,191.7677,190.2054,191.1447,21565963
AAPL,2018-06-06,191.4611,191.9061,189.7703,191.8072,20933619
AAPL,2018-06-07,191.9654,192.0247,190.1806,191.293,21347180
AAPL,2018-06-08,189.0287,189.8494,187.6444,189.5527,26656799
AAPL,2018-06-11,189.2067,189.8197,188.0794,189.088,18308460
AAPL,2018-06-12,189.2413,190.4535,189.0089,190.1262,16911141
AAPL,2018-06-13,190.2647,190.7195,188.3069,188.5639,21638393
AAPL,2018-06-14,189.4044,189.4242,188.0893,188.6628,21610074
AAPL,2018-06-15,187.9015,188.03,186.1513,186.7248,61719160
AAPL,2018-06-18,185.7755,187.1005,185.1031,186.6259,18484865
AAPL,2018-06-19,183.0662,184.2429,181.3952,183.6101,33578455
AAPL,2018-06-20,184.2627,185.1031,183.6496,184.411,20628701
AAPL,2018-06-21,185.1526,186.2403,182.8685,183.3826,25711898
AAPL,2018-06-22,184.0352,184.0649,182.6312,182.8487,27200447
AAPL,2018-06-25,181.3457,182.8487,178.7056,180.1295,31663096
AAPL,2018-06-26,180.9403,184.4407,180.4953,182.3642,24569201
AAPL,2018-06-27,183.153,185.1823,181.9687,182.0972,25285328
AAPL,2018-06-28,182.0379,184.1242,181.7412,183.4222,17365235
AAPL,2018-06-29,184.2033,185.0933,180.8612,183.0366,22737666
AAPL,2018-07-02,181.761,185.202,181.3655,185.0834,17731343
AAPL,2018-07-03,185.6865,185.8447,181.4841,181.8599,13954806
AAPL,2018-07-05,183.1849,184.322,182.2159,183.3233,16604248
AAPL,2018-07-06,183.3431,186.3233,183.1256,185.8645,17485245
AAPL,2018-07-09,187.3774,188.5442,187.1796,188.4453,19756634
AAPL,2018-07-10,188.5738,189.1374,188.0499,188.2179,15939149
AAPL,2018-07-11,186.3886,187.6542,185.5086,185.7755,18831470
AAPL,2018-07-12,187.4071,189.266,187.1895,188.8902,18041131
AAPL,2018-07-13,188.9397,189.6912,188.7617,189.1869,12519792
AAPL,2018-07-16,189.3748,190.4921,188.2821,188.7716,15043110
AAPL,2018-07-17,187.6246,189.7208,187.0807,189.3055,15534523
AAPL,2018-07-18,189.6318,189.6516,187.8026,188.2673,16393381
AAPL,2018-07-19,187.5653,190.3932,187.5653,189.7307,20286752
AAPL,2018-07-20,189.6318,190.2746,188.0399,189.2957,20706042
AAPL,2018-07-23,188.5442,189.8098,187.4367,189.4638,15989365
AAPL,2018-07-24,190.2943,191.4909,189.8988,190.8382,18697898
AAPL,2018-07-25,190.8977,192.6675,190.2746,192.6378,16826483
AAPL,2018-07-26,192.4301,193.765,191.4414,192.0346,19075964
AAPL,2018-07-27,192.8059,193.0037,187.9707,188.8408,24023972
AAPL,2018-07-30,189.7505,190.0471,186.9522,187.7828,21029535
AAPL,2018-07-31,188.1684,189.9878,187.2192,188.1585,39373038
AAPL,2018-08-01,196.8995,199.5001,195.0999,199.243,67935716
AAPL,2018-08-02,198.3333,206.0459,198.1059,205.067,62404012
AAPL,2018-08-03,204.711,206.4019,203.1787,205.6603,33447396
AAPL,2018-08-06,205.6702,206.9062,204.7506,206.7282,25425387
AAPL,2018-08-07,206.9754,207.1534,204.4441,204.7901,25587387
AAPL,2018-08-08,203.742,205.4823,202.2291,204.9286,22525487
AAPL,2018-08-09,204.9582,207.4302,204.8791,206.5403,23492626
AAPL,2018-08-10,205.7565,207.483,205.0718,205.9251,24611202
AAPL,2018-08-13,206.0938,209.3207,206.0938,207.2548,25890880
AAPL,2018-08-14,208.5298,208.9317,206.6495,208.128,20748010
AAPL,2018-08-15,207.6021,209.1103,206.719,208.6142,28807564
AAPL,2018-08-16,210.1125,212.1587,209.8347,211.6704,28500367
AAPL,2018-08-17,211.7894,216.2646,211.5116,215.8974,35426997
AAPL,2018-08-20,216.4134,217.485,213.4465,213.7938,30287695
AAPL,2018-08-21,215.1235,215.5104,212.3699,213.3771,26159755
AAPL,2018-08-22,212.4443,214.6869,212.1863,213.387,19018131
AAPL,2018-08-23,212.9901,215.3715,212.9405,213.8236,18883224
AAPL,2018-08-24,214.925,215.2227,213.4465,214.4884,18476356
AAPL,2018-08-27,215.4707,217.0485,214.6571,216.2546,20525117
AAPL,2018-08-28,217.3164,218.8345,217.2271,218.001,22776766
AAPL,2018-08-29,218.4475,221.7617,217.7133,221.2557,27254804
AAPL,2018-08-30,221.5236,226.4948,220.6801,223.2898,48793824
AAPL,2018-08-31,224.7584,227.1001,224.2523,225.8697,43340134
AAPL,2018-09-04,226.6437,227.4077,224.8774,226.5941,27390132
AAPL,2018-09-05,227.2192,227.8939,223.3593,225.1156,33332960
AAPL,2018-09-06,224.4805,225.5919,219.5887,221.3747,34289976
AAPL,2018-09-07,220.1344,223.6272,219.0032,219.5887,37619810
AAPL,2018-09-10,219.2414,220.1344,214.796,216.6416,39516453
AAPL,2018-09-11,216.3241,222.5645,214.8853,222.1189,35749049
AAPL,2018-09-12,223.2005,223.26,218.1399,219.3604,49278740
AAPL,2018-09-13,221.7915,226.5841,220.8488,224.6591,41706377
AAPL,2018-09-14,224.0042,225.0858,220.8012,222.109,31999289
AAPL,2018-09-17,220.4321,221.2259,215.5898,216.1951,37195133
AAPL,2018-09-18,216.1058,220.1344,215.441,216.5523,31571712
AAPL,2018-09-19,216.8103,217.9216,213.6351,216.6813,27123833
AAPL,2018-09-20,218.5369,220.5611,217.4553,218.3285,26608794
AAPL,2018-09-21,219.0727,219.6482,215.6097,215.9768,96246748
AAPL,2018-09-24,215.1433,219.549,214.9548,219.0826,27693358
AAPL,2018-09-25,218.0506,221.0969,218.001,220.4718,24554379
AAPL,2018-09-26,219.291,222.0197,218.0606,218.7155,23984706
AAPL,2018-09-27,222.0892,224.6889,221.8113,223.2104,30181227
AAPL,2018-09-28,223.0517,224.0935,222.2876,223.9943,22929364
AAPL,2018-10-01,226.1872,227.6459,224.5996,225.5026,23600802
AAPL,2018-10-02,225.4926,228.2214,224.8774,227.5069,24788170
AAPL,2018-10-03,228.271,231.6645,228.0031,230.2754,28654799
AAPL,2018-10-04,228.9953,230.5532,224.9767,226.2269,32042000
AAPL,2018-10-05,226.1972,226.6437,218.8742,222.5555,33580463
AAPL,2018-10-08,220.4916,223.0616,218.4972,222.0396,29663923
AAPL,2018-10-09,221.9106,225.5125,220.5275,225.1156,26891029
AAPL,2018-10-10,223.7165,224.5996,214.3793,214.6869,41990554
AAPL,2018-10-11,212.8611,217.8026,210.6781,212.7916,53124392
AAPL,2018-10-12,218.7155,221.1564,215.1631,220.3924,40337851
AAPL,2018-10-15,219.4497,220.1146,215.5898,215.6791,30791007
AAPL,2018-10-16,217.237,221.2656,215.0864,220.4321,29183963
AAPL,2018-10-17,220.5809,220.9183,217.6438,219.4795,22885397
AAPL,2018-10-18,216.1753,218.0407,211.3528,214.3495,32581315
AAPL,2018-10-19,216.3737,219.549,215.7486,217.614,33078726
AAPL,2018-10-22,218.0903,221.6327,217.2469,218.9437,28792082
AAPL,2018-10-23,214.161,221.5236,213.0397,221.0076,38767846
AAPL,2018-10-24,220.8786,222.496,212.8809,213.4267,40925163
AAPL,2018-10-25,216.0264,219.668,215.0738,218.1003,29855768
AAPL,2018-10-26,214.2304,218.4872,211.0254,214.6273,47258375
AAPL,2018-10-29,217.495,217.9911,204.4963,210.5987,45935520
AAPL,2018-10-30,209.5171,213.516,207.6517,211.6505,36659990
AAPL,2018-10-31,215.2028,218.7452,214.9448,217.1675,38358933
AAPL,2018-11-01,217.3561,220.6405,215.1334,220.5015,58323180
AAPL,2018-11-02,207.9295,211.9978,203.8414,205.8755,91328654
AAPL,2018-11-05,202.7201,202.8094,196.6375,200.0311,66163669
AAPL,2018-11-06,200.3585,203.1369,200.1303,202.1942,31882881
AAPL,2018-11-07,204.3772,208.4356,202.5514,208.3264,33424434
AAPL,2018-11-08,209.0832,209.2226,205.867,207.5995,25362636
AAPL,2018-11-09,204.6721,205.1301,201.3862,203.5967,34365750
AAPL,2018-11-12,198.1501,198.9964,192.9623,193.3407,51135518
AAPL,2018-11-13,190.8115,196.3378,190.6324,191.409,46882936
AAPL,2018-11-14,193.0719,193.6494,185.1359,186.0022,60800957
AAPL,2018-11-15,187.5854,191.1501,186.1018,190.5925,46478801
AAPL,2018-11-16,189.6864,194.1368,188.6508,192.7034,36928253
AAPL,2018-11-19,189.1885,189.8855,184.1999,185.0662,41920872
AAPL,2018-11-20,177.6082,180.6949,174.7604,176.2241,67825247
AAPL,2018-11-21,178.9624,179.5001,175.796,176.025,31124210
AAPL,2018-11-23,174.1928,175.8408,171.365,171.5541,23623972
AAPL,2018-11-26,173.4958,174.2028,169.5328,173.8742,44998520
AAPL,2018-11-27,170.7775,174.0236,170.1502,173.4958,41387377
AAPL,2018-11-28,175.9752,180.5157,174.1829,180.1672,46062539
AAPL,2018-11-29,181.8799,182.0193,176.94099999999997,178.7831,41769992
AAPL,2018-11-30,179.52,179.5598,176.2739,177.8173,39531549
AAPL,2018-12-03,183.6722,184.1501,180.4361,184.0306,40798002
AAPL,2018-12-04,180.1772,181.6109,175.5172,175.9354,41344282
AAPL,2018-12-06,171.0264,174.0335,169.6921,173.9738,43098410
AAPL,2018-12-07,172.74900000000005,173.7448,167.5812,167.7704,42281631
AAPL,2018-12-10,164.2953,169.3635,162.6324,168.8756,62025994
AAPL,2018-12-11,170.9268,171.0563,166.2867,167.9098,47281665
AAPL,2018-12-12,169.6722,171.1857,168.2981,168.3778,35627674
AAPL,2018-12-13,169.7618,171.833,168.8259,170.2199,31897827
AAPL,2018-12-14,168.2782,168.3579,164.5741,164.7732,40703710
AAPL,2018-12-17,164.7434,167.63099999999997,162.035,163.2398,44287922
AAPL,2018-12-18,164.6737,166.8145,163.6879,165.3607,33841518
AAPL,2018-12-19,165.291,166.7348,158.4105,160.2028,49047297
AAPL,2018-12-20,159.7149,161.4176,154.6367,156.1602,64772960
AAPL,2018-12-21,156.1901,157.4845,148.9909,150.0862,95744384
AAPL,2018-12-24,147.5173,150.9027,145.9639,146.2029,37169232
AAPL,2018-12-26,147.6666,156.5585,146.0934,156.4987,58582544
AAPL,2018-12-27,155.1744,156.1004,149.4291,155.4831,53117065
AAPL,2018-12-28,156.8273,157.843,153.8899,155.5627,42291424
AAPL,2018-12-31,157.8529,158.6794,155.8117,157.0663,35003466
AMZN,2018-01-02,1172.0,1190.0,1170.51,1189.01,2694494
AMZN,2018-01-03,1188.3,1205.49,1188.3,1204.2,3108793
AMZN,2018-01-04,1205.0,1215.87,1204.66,1209.59,3022089
AMZN,2018-01-05,1217.51,1229.14,1210.0,1229.14,3544743
AMZN,2018-01-08,1236.0,1253.08,1232.03,1246.87,4279475
AMZN,2018-01-09,1256.9,1259.33,1241.76,1252.7,3661316
AMZN,2018-01-10,1245.15,1254.33,1237.23,1254.33,2686017
AMZN,2018-01-11,1259.74,1276.77,1256.46,1276.68,3125048
AMZN,2018-01-12,1273.39,1305.76,1273.39,1305.2,5443730
AMZN,2018-01-16,1323.0,1339.94,1292.3,1304.86,7220701
AMZN,2018-01-17,1312.24,1314.0,1280.88,1295.0,5253754
AMZN,2018-01-18,1293.95,1304.6,1284.02,1293.32,4026915
AMZN,2018-01-19,1312.0,1313.0,1292.99,1294.58,4578536
AMZN,2018-01-22,1297.17,1327.45,1296.66,1327.31,4140061
AMZN,2018-01-23,1338.09,1364.9,1337.34,1362.54,5169306
AMZN,2018-01-24,1374.82,1388.16,1338.0,1357.51,6807457
AMZN,2018-01-25,1368.0,1378.34,1357.62,1377.95,4753012
AMZN,2018-01-26,1392.01,1402.53,1380.91,1402.05,4857310
AMZN,2018-01-29,1409.18,1431.39,1400.44,1417.68,5701898
AMZN,2018-01-30,1403.17,1439.25,1392.0,1437.82,5871942
AMZN,2018-01-31,1451.3,1472.58,1450.04,1450.89,6424693
AMZN,2018-02-01,1445.0,1459.88,1385.14,1390.0,9113808
AMZN,2018-02-02,1477.39,1498.0,1414.0,1429.95,11125722
AMZN,2018-02-05,1402.62,1458.98,1320.72,1390.0,11494985
AMZN,2018-02-06,1361.46,1443.99,1351.79,1442.84,11066819
AMZN,2018-02-07,1449.0,1460.99,1415.15,1416.78,7162741
AMZN,2018-02-08,1429.67,1433.75,1349.94,1350.5,8578557
AMZN,2018-02-09,1373.49,1383.5,1265.93,1339.6,14141524
AMZN,2018-02-12,1364.67,1393.81,1344.01,1386.23,6738944
AMZN,2018-02-13,1385.93,1419.72,1383.53,1414.51,5917879
AMZN,2018-02-14,1406.25,1452.06,1403.36,1451.05,5959209
AMZN,2018-02-15,1466.89,1468.94,1436.84,1461.76,5652736
AMZN,2018-02-16,1457.37,1465.8,1446.56,1448.69,4472564
AMZN,2018-02-20,1446.49,1488.77,1446.49,1468.35,6499228
AMZN,2018-02-21,1485.0,1503.49,1478.92,1482.92,6304351
AMZN,2018-02-22,1495.36,1502.54,1475.76,1485.34,4858063
AMZN,2018-02-23,1495.34,1500.0,1486.5,1500.0,4418103
AMZN,2018-02-26,1509.2,1522.84,1507.0,1521.95,4954988
AMZN,2018-02-27,1524.5,1526.78,1507.21,1511.98,4808776
AMZN,2018-02-28,1519.51,1528.7,1512.0,1512.45,4515023
AMZN,2018-03-01,1513.6,1518.49,1465.0,1493.45,6835230
AMZN,2018-03-02,1469.1,1501.05,1455.01,1500.25,6587564
AMZN,2018-03-05,1494.24,1525.38,1481.0,1523.61,5233934
AMZN,2018-03-06,1533.2,1542.13,1528.0,1537.64,4561718
AMZN,2018-03-07,1526.52,1545.9,1522.51,1545.0,4174123
AMZN,2018-03-08,1550.0,1554.88,1545.25,1551.86,3862615
AMZN,2018-03-09,1563.5,1578.94,1559.08,1578.89,4534250
AMZN,2018-03-12,1592.6,1605.33,1586.7,1598.39,5174211
AMZN,2018-03-13,1615.96,1617.54,1578.01,1588.18,6531892
AMZN,2018-03-14,1597.0,1606.44,1590.89,1591.0,4259443
AMZN,2018-03-15,1595.0,1596.91,1578.11,1582.32,4069701
AMZN,2018-03-16,1583.45,1589.44,1567.5,1571.68,5425012
AMZN,2018-03-19,1554.53,1561.66,1525.35,1544.93,6580766
AMZN,2018-03-20,1550.34,1587.0,1545.41,1586.51,4581568
AMZN,2018-03-21,1586.45,1590.0,1563.17,1581.86,4750771
AMZN,2018-03-22,1565.47,1573.85,1542.4,1544.92,6320551
AMZN,2018-03-23,1539.01,1549.02,1495.36,1495.56,8006033
AMZN,2018-03-26,1530.0,1556.99,1499.25,1555.86,5624700
AMZN,2018-03-27,1572.4,1575.96,1482.32,1497.05,6999631
AMZN,2018-03-28,1447.0,1455.9,1386.17,1431.42,13705317
AMZN,2018-03-29,1406.0,1455.47,1365.2,1447.34,12581121
AMZN,2018-04-02,1417.62,1421.36,1355.0,1371.99,10463607
AMZN,2018-04-03,1391.38,1414.0,1355.33,1392.05,10231212
AMZN,2018-04-04,1358.24,1415.39,1352.88,1410.57,6982305
AMZN,2018-04-05,1441.99,1459.56,1427.07,1451.75,6413459
AMZN,2018-04-06,1429.97,1452.5,1400.26,1405.23,5882257
AMZN,2018-04-09,1425.03,1438.48,1402.57,1406.08,4208206
AMZN,2018-04-10,1431.99,1438.38,1415.7,1436.22,4280144
AMZN,2018-04-11,1439.44,1448.78,1424.89,1427.05,3582533
AMZN,2018-04-12,1439.5,1452.12,1435.06,1448.5,3135027
AMZN,2018-04-13,1449.14,1459.78,1424.52,1430.79,3685267
AMZN,2018-04-16,1445.0,1447.0,1427.48,1441.5,2808624
AMZN,2018-04-17,1462.3,1507.19,1457.02,1503.83,5114403
AMZN,2018-04-18,1514.65,1533.8,1504.11,1527.84,5227509
AMZN,2018-04-19,1543.22,1568.52,1539.06,1556.91,6523728
AMZN,2018-04-20,1561.2,1561.2,1516.09,1527.49,5541622
AMZN,2018-04-23,1546.69,1548.0,1503.41,1517.86,4465424
AMZN,2018-04-24,1535.8,1539.5,1448.45,1460.09,7494699
AMZN,2018-04-25,1458.0,1469.99,1415.02,1460.17,6587290
AMZN,2018-04-26,1485.01,1529.42,1478.5,1517.96,8801101
AMZN,2018-04-27,1634.01,1638.1,1567.39,1572.62,13053241
AMZN,2018-04-30,1582.5,1596.0,1560.94,1566.13,5464085
AMZN,2018-05-01,1563.22,1585.0,1552.18,1582.26,4572071
AMZN,2018-05-02,1580.98,1588.5,1566.36,1569.68,4360273
AMZN,2018-05-03,1560.01,1574.8,1546.02,1572.08,4251917
AMZN,2018-05-04,1562.45,1584.9,1562.19,1580.95,3443567
AMZN,2018-05-07,1589.34,1606.95,1587.83,1600.14,3801855
AMZN,2018-05-08,1595.0,1596.88,1582.51,1592.39,3067949
AMZN,2018-05-09,1600.0,1608.0,1592.0,1608.0,3637302
AMZN,2018-05-10,1608.48,1615.6,1603.44,1609.08,2817450
AMZN,2018-05-11,1610.99,1611.1,1597.89,1602.91,2263900
AMZN,2018-05-14,1604.0,1611.18,1600.05,1601.54,2509483
AMZN,2018-05-15,1587.8,1587.8,1565.22,1576.12,5077465
AMZN,2018-05-16,1577.5,1594.43,1576.67,1587.28,2570572
AMZN,2018-05-17,1580.56,1594.04,1573.0,1581.76,2147606
AMZN,2018-05-18,1581.33,1583.59,1572.1,1574.37,2642584
AMZN,2018-05-21,1585.0,1592.05,1575.0,1585.46,2925235
AMZN,2018-05-22,1589.89,1589.89,1575.25,1581.4,2115639
AMZN,2018-05-23,1571.05,1601.86,1566.34,1601.86,3361892
AMZN,2018-05-24,1598.03,1608.24,1588.38,1603.07,3429975
AMZN,2018-05-25,1603.0,1614.12,1600.45,1610.15,2698400
AMZN,2018-05-29,1600.71,1621.79,1600.15,1612.87,3846477
AMZN,2018-05-30,1618.1,1626.0,1612.93,1624.89,2907357
AMZN,2018-05-31,1623.0,1635.0,1621.35,1629.62,3166330
AMZN,2018-06-01,1637.03,1646.73,1635.09,1641.54,3313385
AMZN,2018-06-04,1648.9,1665.68,1645.49,1665.27,3187737
AMZN,2018-06-05,1672.99,1699.0,1670.06,1696.35,4782177
AMZN,2018-06-06,1704.51,1714.5,1686.47,1695.75,5473213
AMZN,2018-06-07,1698.56,1699.9,1676.11,1689.3,3765687
AMZN,2018-06-08,1681.12,1689.44,1673.01,1683.99,2955110
AMZN,2018-06-11,1681.51,1694.24,1680.59,1689.12,2335484
AMZN,2018-06-12,1693.0,1699.51,1691.52,1698.75,2259215
AMZN,2018-06-13,1702.81,1713.75,1700.12,1704.86,3327529
AMZN,2018-06-14,1713.48,1724.8,1708.87,1723.86,3174415
AMZN,2018-06-15,1714.0,1720.87,1708.52,1715.97,4777646
AMZN,2018-06-18,1706.26,1726.74,1702.56,1723.79,3107742
AMZN,2018-06-19,1709.04,1736.11,1700.39,1734.78,4290117
AMZN,2018-06-20,1742.5,1762.93,1741.36,1750.08,4332591
AMZN,2018-06-21,1760.0,1763.1,1717.56,1730.22,4941148
AMZN,2018-06-22,1742.62,1743.0,1711.9,1715.67,4075124
AMZN,2018-06-25,1702.51,1705.0,1646.31,1663.15,7511196
AMZN,2018-06-26,1672.37,1701.57,1663.34,1691.09,4386585
AMZN,2018-06-27,1708.11,1711.95,1660.0,1660.51,4872201
AMZN,2018-06-28,1672.54,1705.5,1661.17,1701.45,4529700
AMZN,2018-06-29,1717.0,1723.41,1694.32,1699.8,4543508
AMZN,2018-07-02,1682.7,1713.89,1678.06,1713.78,3185696
AMZN,2018-07-03,1723.96,1725.0,1692.48,1693.96,2177276
AMZN,2018-07-05,1705.38,1710.69,1682.15,1699.73,2983110
AMZN,2018-07-06,1696.0,1715.27,1691.67,1710.63,2650262
AMZN,2018-07-09,1724.05,1739.56,1716.23,1739.02,3011988
AMZN,2018-07-10,1738.53,1750.0,1731.0,1743.07,3002905
AMZN,2018-07-11,1737.99,1756.96,1734.0,1755.0,3209782
AMZN,2018-07-12,1764.51,1798.0,1762.18,1796.62,4532743
AMZN,2018-07-13,1803.93,1815.3,1795.22,1813.03,4386679
AMZN,2018-07-16,1821.95,1841.95,1814.45,1822.49,5466195
AMZN,2018-07-17,1811.56,1851.69,1797.38,1843.93,5682881
AMZN,2018-07-18,1848.0,1858.88,1831.27,1842.92,4861913
AMZN,2018-07-19,1829.46,1841.0,1811.27,1812.97,4676942
AMZN,2018-07-20,1825.01,1834.84,1810.06,1813.7,3891566
AMZN,2018-07-23,1812.21,1819.0,1769.99,1802.0,3888462
AMZN,2018-07-24,1829.01,1840.0,1809.38,1829.24,4278723
AMZN,2018-07-25,1829.3,1863.84,1822.64,1863.61,3836333
AMZN,2018-07-26,1839.0,1844.68,1804.5,1808.0,9924371
AMZN,2018-07-27,1876.05,1880.05,1806.53,1817.27,9680959
AMZN,2018-07-30,1827.33,1829.5,1766.02,1779.22,6562321
AMZN,2018-07-31,1786.49,1801.83,1739.32,1777.44,5738713
AMZN,2018-08-01,1784.0,1798.44,1776.02,1797.17,4153096
AMZN,2018-08-02,1788.77,1836.56,1786.0,1834.33,4354681
AMZN,2018-08-03,1837.74,1841.0,1821.5,1823.29,3460487
AMZN,2018-08-06,1825.81,1847.77,1818.92,1847.75,3391825
AMZN,2018-08-07,1854.53,1869.72,1846.27,1862.48,3377473
AMZN,2018-08-08,1861.0,1891.51,1854.5,1886.52,3963017
AMZN,2018-08-09,1882.0,1914.57,1877.48,1898.52,4860374
AMZN,2018-08-10,1888.51,1899.5,1878.21,1886.3,3639927
AMZN,2018-08-13,1898.5,1925.0,1893.67,1896.2,5531475
AMZN,2018-08-14,1919.39,1921.01,1900.0,1919.65,3986123
AMZN,2018-08-15,1909.55,1916.21,1869.79,1882.62,7700682
AMZN,2018-08-16,1903.94,1905.0,1883.55,1886.52,3957090
AMZN,2018-08-17,1885.8,1888.0,1855.55,1882.22,4104300
AMZN,2018-08-20,1890.57,1891.75,1866.06,1876.71,2862016
AMZN,2018-08-21,1880.0,1897.75,1874.4,1883.42,3105626
AMZN,2018-08-22,1876.64,1905.8,1876.64,1904.9,3080464
AMZN,2018-08-23,1907.17,1919.5,1900.76,1902.9,3562997
AMZN,2018-08-24,1910.51,1916.01,1902.54,1905.39,2800863
AMZN,2018-08-27,1915.0,1927.7,1909.28,1927.68,3569037
AMZN,2018-08-28,1937.73,1941.78,1928.82,1932.82,3100727
AMZN,2018-08-29,1953.45,1998.69,1948.94,1998.1,6531761
AMZN,2018-08-30,1997.42,2025.57,1986.9,2002.38,7277257
AMZN,2018-08-31,2007.0,2022.38,2004.74,2012.71,4204378
AMZN,2018-09-04,2026.5,2050.5,2013.0,2039.51,5721093
AMZN,2018-09-05,2038.11,2040.38,1989.89,1994.82,8220576
AMZN,2018-09-06,2006.51,2007.5,1935.21,1958.31,7488680
AMZN,2018-09-07,1938.71,1975.2,1937.35,1952.07,4892643
AMZN,2018-09-10,1971.0,1973.04,1931.52,1939.01,4544831
AMZN,2018-09-11,1928.27,1988.88,1917.0,1987.15,5033645
AMZN,2018-09-12,1994.0,2000.0,1962.44,1990.0,4414012
AMZN,2018-09-13,2000.0,2008.76,1982.03,1989.87,3621511
AMZN,2018-09-14,1992.93,1993.65,1959.22,1970.19,3642030
AMZN,2018-09-17,1954.73,1956.82,1887.41,1908.03,7050192
AMZN,2018-09-18,1918.65,1958.2,1915.44,1941.05,4268706
AMZN,2018-09-19,1940.5,1940.83,1904.9,1926.42,4056822
AMZN,2018-09-20,1938.58,1955.0,1932.25,1944.3,3154934
AMZN,2018-09-21,1954.22,1957.31,1910.5,1915.01,6855898
AMZN,2018-09-24,1903.79,1936.88,1865.0,1934.36,4213728
AMZN,2018-09-25,1942.9,1975.91,1938.85,1974.55,4538407
AMZN,2018-09-26,1968.5,1995.25,1961.52,1974.85,4313459
AMZN,2018-09-27,1993.24,2016.16,1988.58,2012.98,4329391
AMZN,2018-09-28,2004.41,2026.52,1996.46,2003.0,4085135
AMZN,2018-10-01,2021.99,2033.19,2003.6,2004.36,3468285
AMZN,2018-10-02,1999.99,2013.39,1965.77,1971.31,5400749
AMZN,2018-10-03,1981.7,1989.7,1949.81,1952.76,5253131
AMZN,2018-10-04,1949.0,1956.0,1896.57,1909.42,7256973
AMZN,2018-10-05,1917.99,1929.08,1862.83,1889.65,6822327
AMZN,2018-10-08,1874.0,1902.0,1830.66,1864.42,7393199
AMZN,2018-10-09,1859.99,1896.68,1852.32,1870.32,4772866
AMZN,2018-10-10,1857.89,1858.56,1754.41,1755.25,10988855
AMZN,2018-10-11,1724.0,1755.4,1685.1,1719.36,13935872
AMZN,2018-10-12,1808.0,1808.95,1742.53,1788.61,9444587
AMZN,2018-10-15,1795.0,1795.05,1734.23,1760.95,6437162
AMZN,2018-10-16,1783.5,1823.88,1761.55,1819.96,5859918
AMZN,2018-10-17,1842.79,1845.0,1807.0,1831.73,5295177
AMZN,2018-10-18,1821.49,1830.15,1767.87,1770.72,5873995
AMZN,2018-10-19,1785.16,1809.1,1753.0,1764.03,5907246
AMZN,2018-10-22,1784.0,1809.5,1756.0,1789.3,4500015
AMZN,2018-10-23,1742.24,1776.34,1714.0,1768.7,6723913
AMZN,2018-10-24,1773.7,1777.71,1656.56,1664.2,6928383
AMZN,2018-10-25,1703.34,1794.81,1692.01,1782.17,10285742
AMZN,2018-10-26,1649.59,1698.46,1603.0,1642.81,14963783
AMZN,2018-10-29,1660.0,1665.74,1495.0,1538.88,13866077
AMZN,2018-10-30,1486.16,1540.99,1476.36,1530.42,12460086
AMZN,2018-10-31,1569.99,1623.91,1565.09,1598.01,9390211
AMZN,2018-11-01,1623.53,1670.45,1598.44,1665.53,8135539
AMZN,2018-11-02,1678.59,1697.44,1651.83,1665.53,6955548
AMZN,2018-11-05,1657.57,1658.09,1596.36,1627.8,5624727
AMZN,2018-11-06,1618.35,1665.0,1614.55,1642.81,4257353
AMZN,2018-11-07,1673.0,1759.23,1664.08,1755.49,8192234
AMZN,2018-11-08,1755.0,1784.0,1725.11,1754.91,6534866
AMZN,2018-11-09,1732.5,1743.92,1701.87,1712.43,5902186
AMZN,2018-11-12,1698.24,1708.55,1630.01,1636.85,6806245
AMZN,2018-11-13,1649.29,1677.06,1613.75,1631.17,5933271
AMZN,2018-11-14,1656.32,1673.0,1597.07,1599.01,6486891
AMZN,2018-11-15,1581.01,1624.82,1546.51,1619.44,8427337
AMZN,2018-11-16,1587.5,1614.48,1573.12,1593.41,6066080
AMZN,2018-11-19,1577.01,1581.19,1503.36,1512.29,7789981
AMZN,2018-11-20,1437.5,1534.75,1420.0,1495.46,10878823
AMZN,2018-11-21,1542.99,1550.0,1515.0,1516.73,5716800
AMZN,2018-11-23,1517.0,1536.2,1501.81,1502.06,2707642
AMZN,2018-11-26,1539.0,1584.81,1524.22,1581.33,6257716
AMZN,2018-11-27,1575.99,1597.65,1558.01,1581.42,5783227
AMZN,2018-11-28,1613.92,1681.45,1601.21,1677.75,8458738
AMZN,2018-11-29,1674.99,1689.99,1652.33,1673.57,6613243
AMZN,2018-11-30,1679.5,1696.0,1666.5,1690.17,5761761
AMZN,2018-12-03,1769.46,1778.34,1730.0,1772.36,6862160
AMZN,2018-12-04,1756.0,1770.34,1665.0,1668.4,8694455
AMZN,2018-12-06,1614.87,1701.05,1609.85,1699.19,8789394
AMZN,2018-12-07,1705.07,1718.93,1625.46,1629.13,7576132
AMZN,2018-12-10,1623.84,1657.99,1590.87,1641.03,7494808
AMZN,2018-12-11,1678.0,1679.47,1619.6,1643.24,6244695
AMZN,2018-12-12,1669.0,1704.99,1660.27,1663.54,6597968
AMZN,2018-12-13,1680.0,1692.12,1641.5,1658.38,5271162
AMZN,2018-12-14,1638.0,1642.57,1585.0,1591.91,6367163
AMZN,2018-12-17,1566.0,1576.13,1505.01,1520.91,8829762
AMZN,2018-12-18,1540.0,1567.55,1523.01,1551.48,6522975
AMZN,2018-12-19,1543.05,1584.53,1483.18,1495.08,8792189
AMZN,2018-12-20,1484.0,1509.5,1432.69,1460.83,9991833
AMZN,2018-12-21,1464.99,1480.0,1363.96,1377.45,13640320
AMZN,2018-12-24,1346.0,1396.03,1307.0,1343.96,7219996
AMZN,2018-12-26,1368.89,1473.16,1363.01,1470.9,10411801
AMZN,2018-12-27,1454.2,1469.0,1390.31,1461.64,9722034
AMZN,2018-12-28,1473.35,1513.47,1449.0,1478.02,8828950
AMZN,2018-12-31,1510.8,1520.76,1487.0,1501.97,6954507
NFLX,2018-01-02,196.1,201.65,195.42,201.07,10966889
NFLX,2018-01-03,202.05,206.21,201.5,205.05,8591369
NFLX,2018-01-04,206.2,207.05,204.0006,205.63,6029616
NFLX,2018-01-05,207.25,210.02,205.59,209.99,7033240
NFLX,2018-01-08,210.02,212.5,208.44,212.05,5580178
NFLX,2018-01-09,212.11,212.98,208.59,209.31,6125855
NFLX,2018-01-10,207.57,213.64,206.91,212.52,5951486
NFLX,2018-01-11,214.29,217.75,213.35,217.24,7659485
NFLX,2018-01-12,217.18,222.55,216.0,221.23,8199423
NFLX,2018-01-16,224.24,226.07,217.2,221.53,13516067
NFLX,2018-01-17,221.0,221.15,216.32,217.5,9123056
NFLX,2018-01-18,220.34,220.58,216.55,220.33,8225339
NFLX,2018-01-19,222.75,223.49,218.5,220.46,10548567
NFLX,2018-01-22,222.0,227.785,221.2,227.58,17703293
NFLX,2018-01-23,255.05,257.71,248.02,250.29,27705332
NFLX,2018-01-24,250.88,261.71,249.311,261.3,17352448
NFLX,2018-01-25,263.0,272.3,260.23,269.7,15336378
NFLX,2018-01-26,271.485,274.6,268.76,274.6,11021839
NFLX,2018-01-29,274.2,286.81,273.92,284.59,17529749
NFLX,2018-01-30,277.0,282.73,272.7,278.8,12482852
NFLX,2018-01-31,281.94,282.289,269.58,270.3,11695072
NFLX,2018-02-01,266.41,271.95,263.38,265.07,9669011
NFLX,2018-02-02,263.0,270.62,262.71,267.43,9123610
NFLX,2018-02-05,262.0,267.899,250.03,254.26,11896053
NFLX,2018-02-06,247.7,266.7,245.0,265.72,12595801
NFLX,2018-02-07,266.58,272.45,264.325,264.56,8981548
NFLX,2018-02-08,267.08,267.62,250.0,250.1,9306701
NFLX,2018-02-09,253.85,255.7999,236.11,249.47,16906942
NFLX,2018-02-12,252.14,259.15,249.0,257.95,8534906
NFLX,2018-02-13,257.29,261.41,254.7,258.27,6855151
NFLX,2018-02-14,260.47,269.88,260.33,266.0,10971985
NFLX,2018-02-15,270.03,280.5,267.63,280.27,10759667
NFLX,2018-02-16,278.73,281.96,275.69,278.52,8312380
NFLX,2018-02-20,277.74,285.812,276.61,278.55,7769023
NFLX,2018-02-21,282.07,286.64,280.01,281.04,9371121
NFLX,2018-02-22,283.88,284.5,274.45,278.14,8891535
NFLX,2018-02-23,281.0,286.0,277.81,285.93,7301809
NFLX,2018-02-26,288.75,295.6475,287.01,294.16,10268633
NFLX,2018-02-27,294.77,297.36,290.59,290.61,9416489
NFLX,2018-02-28,293.1,295.75,290.78,291.38,7653454
NFLX,2018-03-01,292.75,295.25,283.83,290.39,11932051
NFLX,2018-03-02,284.65,301.18,283.23,301.05,13345313
NFLX,2018-03-05,302.85,316.91,297.6,315.0,18986099
NFLX,2018-03-06,319.88,325.79,316.5,325.22,18525844
NFLX,2018-03-07,320.0,323.74,314.55,321.16,17132222
NFLX,2018-03-08,322.2,322.9176,314.13,317.0,11340066
NFLX,2018-03-09,321.33,331.44,320.23,331.44,14500219
NFLX,2018-03-12,333.56,333.98,318.6,321.3,20369152
NFLX,2018-03-13,323.87,325.8409,313.278,315.88,12917224
NFLX,2018-03-14,318.16,323.88,317.7,321.55,10475073
NFLX,2018-03-15,323.17,323.4,318.14,321.09,5642883
NFLX,2018-03-16,321.42,324.11,318.37,318.45,7333734
NFLX,2018-03-19,315.8,317.0,307.34,313.48,9925162
NFLX,2018-03-20,313.26,319.5,312.8,317.5,5991945
NFLX,2018-03-21,316.35,319.4,314.511,316.48,5263911
NFLX,2018-03-22,313.07,314.12,305.66,306.7,8063305
NFLX,2018-03-23,307.41,310.73,300.36,300.94,9529948
NFLX,2018-03-26,309.36,321.03,302.0,320.35,11988274
NFLX,2018-03-27,322.49,322.9,297.0,300.69,12068632
NFLX,2018-03-28,298.39,298.8,281.61,285.77,18972912
NFLX,2018-03-29,287.0,295.35,275.9,295.35,19145522
NFLX,2018-04-02,291.94,292.87,275.05,280.29,13405760
NFLX,2018-04-03,285.45,291.25,278.01,283.67,12694862
NFLX,2018-04-04,273.63,290.31,271.2239,288.94,12913978
NFLX,2018-04-05,293.15,299.16,289.11,293.97,10655178
NFLX,2018-04-06,289.1,298.85,285.65,288.85,11444777
NFLX,2018-04-09,291.77,299.55,289.12,289.93,9853564
NFLX,2018-04-10,297.68,298.95,291.69,298.07,10719097
NFLX,2018-04-11,302.8847,311.64,301.82,303.67,14877429
NFLX,2018-04-12,309.7187,311.13,306.75,309.25,10249403
NFLX,2018-04-13,317.29,317.49,308.23,311.65,12046573
NFLX,2018-04-16,315.99,316.1,304.0,307.78,20307921
NFLX,2018-04-17,329.66,338.62,323.77,336.06,33866456
NFLX,2018-04-18,336.3,338.82,331.1,334.52,11221139
NFLX,2018-04-19,332.88,335.31,326.77,332.7,8438825
NFLX,2018-04-20,332.22,336.51,326.0,327.77,9158655
NFLX,2018-04-23,329.1499,331.22,317.08,318.69,8968015
NFLX,2018-04-24,319.2168,320.249,302.31,307.02,13893217
NFLX,2018-04-25,306.37,309.98,292.615,305.76,14919698
NFLX,2018-04-26,310.0,316.63,305.58,313.98,9266699
NFLX,2018-04-27,316.25,317.45,306.5,311.76,7074384
NFLX,2018-04-30,311.07,317.88,310.118,312.46,6088787
NFLX,2018-05-01,310.36,313.48,306.69,313.3,6036639
NFLX,2018-05-02,311.65,317.1,310.4034,313.36,5697120
NFLX,2018-05-03,312.59,312.59,305.73,311.69,6135828
NFLX,2018-05-04,308.71,320.98,307.67,320.09,8209513
NFLX,2018-05-07,321.9947,329.0234,319.34,326.26,7117823
NFLX,2018-05-08,325.9,327.348,323.05,326.89,4735738
NFLX,2018-05-09,328.79,331.95,327.51,330.3,5633444
NFLX,2018-05-10,331.5,332.055,327.3438,329.6,5302254
NFLX,2018-05-11,329.65,331.26,324.87,326.46,4589731
NFLX,2018-05-14,327.25,330.5038,327.04,328.53,4089800
NFLX,2018-05-15,325.94,326.94,322.434,326.13,4746096
NFLX,2018-05-16,326.28,329.72,325.14,328.19,3671690
NFLX,2018-05-17,327.53,330.45,323.1734,325.22,4935708
NFLX,2018-05-18,324.9,326.42,322.8,324.18,3577717
NFLX,2018-05-21,327.11,331.88,325.45,331.82,6657326
NFLX,2018-05-22,334.05,336.63,331.15,331.62,5964448
NFLX,2018-05-23,329.04,345.0,328.09,344.72,10049147
NFLX,2018-05-24,344.34,354.0,341.12,349.29,14758553
NFLX,2018-05-25,349.9,354.36,348.83,351.29,7817400
NFLX,2018-05-29,351.5,356.1,346.71,349.73,9717921
NFLX,2018-05-30,352.37,354.0,349.26,353.54,5685531
NFLX,2018-05-31,353.8,355.53,350.21,351.6,6921687
NFLX,2018-06-01,353.88,359.99,352.82,359.93,7112292
NFLX,2018-06-04,362.6847,363.0,355.51,361.81,7681995
NFLX,2018-06-05,363.32,369.83,361.4124,365.8,8358045
NFLX,2018-06-06,367.7848,369.6799,363.33,367.45,7712302
NFLX,2018-06-07,368.54,368.7,357.8,361.4,8278040
NFLX,2018-06-08,358.06,362.39,356.25,360.57,5225736
NFLX,2018-06-11,361.88,365.67,360.91,361.45,4432445
NFLX,2018-06-12,363.6,365.98,362.0,363.83,4290969
NFLX,2018-06-13,367.53,384.2537,364.11,379.93,18222799
NFLX,2018-06-14,384.27,395.03,383.25,392.87,14598333
NFLX,2018-06-15,390.71,398.86,387.51,391.98,13588114
NFLX,2018-06-18,387.72,393.16,386.5,390.4,6824794
NFLX,2018-06-19,389.5,405.29,388.5,404.98,16697104
NFLX,2018-06-20,415.15,419.4675,409.6,416.76,16494572
NFLX,2018-06-21,421.38,423.2056,406.3701,415.44,18389936
NFLX,2018-06-22,419.98,420.5,409.651,411.09,10428621
NFLX,2018-06-25,404.69,405.99,378.75,384.48,22490922
NFLX,2018-06-26,393.28,404.78,389.05,399.39,15191157
NFLX,2018-06-27,407.56,411.5865,390.0,390.39,16541426
NFLX,2018-06-28,395.0,396.9,387.1,395.42,12219888
NFLX,2018-06-29,399.19,401.3299,390.55,391.43,9252511
NFLX,2018-07-02,385.45,398.38,380.0,398.18,8142457
NFLX,2018-07-03,399.49,399.98,389.5,390.52,5280344
NFLX,2018-07-05,393.8003,399.24,390.86,398.39,8448937
NFLX,2018-07-06,397.45,408.6495,395.5225,408.25,8629606
NFLX,2018-07-09,415.95,419.12,411.1,418.97,11127477
NFLX,2018-07-10,417.24,419.44,413.08,415.63,9382944
NFLX,2018-07-11,411.34,419.77,410.6,418.65,9713904
NFLX,2018-07-12,415.1553,416.79,407.8,413.5,12743273
NFLX,2018-07-13,409.19,410.0,395.081,395.8,15747266
NFLX,2018-07-16,398.98,403.355,391.75,400.48,22959984
NFLX,2018-07-17,346.95,385.0,344.0,379.48,58410362
NFLX,2018-07-18,381.24,383.13,372.3552,375.13,21746266
NFLX,2018-07-19,371.06,375.749,363.0,364.23,16878681
NFLX,2018-07-20,364.92,370.5,360.14,361.05,15113740
NFLX,2018-07-23,359.1453,363.9,353.6,362.66,11505232
NFLX,2018-07-24,366.94,367.4,354.56,357.32,12851457
NFLX,2018-07-25,357.57,363.28,355.65,362.87,8516248
NFLX,2018-07-26,358.19,365.54,356.625,363.09,6993684
NFLX,2018-07-27,366.85,367.0,351.65,355.21,8949491
NFLX,2018-07-30,351.93,352.03,334.0201,334.96,18260710
NFLX,2018-07-31,331.51,342.5,328.0,337.45,14085369
NFLX,2018-08-01,335.87,344.41,334.02,338.38,7790477
NFLX,2018-08-02,337.23,345.0,334.71,344.5,7131328
NFLX,2018-08-03,347.75,347.86,338.4768,343.09,8848367
NFLX,2018-08-06,342.8653,351.98,341.74,350.92,8198076
NFLX,2018-08-07,353.23,357.31,349.01,351.83,7970930
NFLX,2018-08-08,352.21,352.29,346.61,347.61,5402465
NFLX,2018-08-09,347.96,352.439,345.8157,349.36,4820313
NFLX,2018-08-10,346.91,349.1,344.4233,345.87,4337481
NFLX,2018-08-13,339.89,347.19,339.07,341.31,6893649
NFLX,2018-08-14,342.09,342.41,336.25,337.49,5805182
NFLX,2018-08-15,334.03,335.4962,321.0,326.4,11784485
NFLX,2018-08-16,329.9,331.17,321.2138,322.44,6689733
NFLX,2018-08-17,319.01,324.365,312.96,316.78,10407908
NFLX,2018-08-20,314.64,331.6,310.928,327.73,13591100
NFLX,2018-08-21,331.0,341.5,329.7,338.02,14783246
NFLX,2018-08-22,338.49,346.21,337.406,344.44,8930669
NFLX,2018-08-23,348.11,350.08,337.65,339.17,11336425
NFLX,2018-08-24,346.0,359.15,344.541,358.82,14729137
NFLX,2018-08-27,367.1453,374.49,360.0,364.58,17427304
NFLX,2018-08-28,367.23,369.99,360.38,368.49,9222617
NFLX,2018-08-29,367.2,369.86,362.91,368.04,8118734
NFLX,2018-08-30,365.0,376.8085,363.54,370.98,10981013
NFLX,2018-08-31,370.66,376.0,367.0766,367.68,7943443
NFLX,2018-09-04,366.47,368.88,361.26,363.6,7605161
NFLX,2018-09-05,360.0,363.39,335.83,341.18,13092847
NFLX,2018-09-06,347.44,356.0,341.99,346.46,13050156
NFLX,2018-09-07,342.2,355.75,341.25,348.68,9105817
NFLX,2018-09-10,352.27,352.5,343.08,348.41,5752184
NFLX,2018-09-11,344.67,356.15,343.9001,355.93,6198063
NFLX,2018-09-12,359.08,370.43,356.24,369.95,10480769
NFLX,2018-09-13,371.91,374.09,366.84,368.15,8366122
NFLX,2018-09-14,368.55,371.09,363.46,364.56,4756426
NFLX,2018-09-17,364.22,367.33,349.57,350.35,7071945
NFLX,2018-09-18,353.67,368.15,351.56,367.65,10413981
NFLX,2018-09-19,373.95,377.61,359.17,366.96,11876841
NFLX,2018-09-20,370.26,370.26,363.17,365.36,6768086
NFLX,2018-09-21,366.59,372.22,360.74,361.19,11930568
NFLX,2018-09-24,359.0,373.64,354.33,369.61,9322522
NFLX,2018-09-25,370.23,371.34,364.492,369.43,6799816
NFLX,2018-09-26,373.59,382.0,370.88,377.88,13799728
NFLX,2018-09-27,379.87,383.2,376.0,380.71,7326246
NFLX,2018-09-28,379.24,380.8,373.73,374.13,7114878
NFLX,2018-10-01,375.85,386.11,375.59,381.43,8376560
NFLX,2018-10-02,384.38,386.7999,373.83,377.14,8638717
NFLX,2018-10-03,378.53,380.93,374.881,377.05,5798605
NFLX,2018-10-04,375.88,375.92,360.4,363.65,9074350
NFLX,2018-10-05,359.77,363.5,343.0,351.35,13522957
NFLX,2018-10-08,345.18,352.945,338.11,349.1,12375496
NFLX,2018-10-09,348.48,358.72,347.09,355.71,8754990
NFLX,2018-10-10,353.52,355.15,325.39,325.89,17183120
NFLX,2018-10-11,324.94,334.2,315.81,321.1,16082056
NFLX,2018-10-12,339.57,341.3,328.9,339.56,14870830
NFLX,2018-10-15,337.63,339.2057,326.93,333.13,11214956
NFLX,2018-10-16,337.24,347.95,330.555,346.4,20156418
NFLX,2018-10-17,378.33,380.0,356.5,364.7,32610947
NFLX,2018-10-18,360.673,362.2,346.05,346.71,18461040
NFLX,2018-10-19,351.0,355.8,332.2,332.67,16717233
NFLX,2018-10-22,333.1,335.8,320.34,329.54,17097175
NFLX,2018-10-23,318.0,336.58,316.77,333.16,14907326
NFLX,2018-10-24,332.28,333.0,300.73,301.83,19039297
NFLX,2018-10-25,307.12,319.94,305.25,312.87,13346921
NFLX,2018-10-26,300.51,313.99,292.3,299.83,19616041
NFLX,2018-10-29,305.26,307.89,275.4,284.84,21698841
NFLX,2018-10-30,275.57,290.525,271.2093,285.81,23685702
NFLX,2018-10-31,297.77,311.5,295.05,301.78,20360342
NFLX,2018-11-01,304.59,318.45,296.67,317.38,15121450
NFLX,2018-11-02,318.0,321.88,308.33,309.1,13404646
NFLX,2018-11-05,311.1,317.53,303.74,315.44,10283044
NFLX,2018-11-06,314.76,320.22,305.3,310.84,9710424
NFLX,2018-11-07,312.9,328.56,311.0,327.5,13328328
NFLX,2018-11-08,328.0,332.0499,316.6103,317.92,11023853
NFLX,2018-11-09,311.07,312.98,298.01,303.47,13480792
NFLX,2018-11-12,300.0,302.49,290.63,294.07,10924827
NFLX,2018-11-13,295.0,303.55,289.1,294.4,12232162
NFLX,2018-11-14,300.4,301.84,278.2969,286.73,16853574
NFLX,2018-11-15,285.51,292.5,282.16,290.06,9967098
NFLX,2018-11-16,287.14,291.72,281.0,286.21,9099485
NFLX,2018-11-19,283.79,285.09,269.15,270.6,12993797
NFLX,2018-11-20,254.63,276.34,250.0,266.98,16693809
NFLX,2018-11-21,274.42,275.34,261.51,262.13,11023037
NFLX,2018-11-23,260.11,265.5,256.84,258.82,5245123
NFLX,2018-11-26,260.55,266.25,253.8,261.43,12498560
NFLX,2018-11-27,259.24,269.08,256.14,266.63,11149501
NFLX,2018-11-28,271.98,284.0,263.34,282.65,14801333
NFLX,2018-11-29,282.32,290.49,275.5,288.75,15431538
NFLX,2018-11-30,288.0,290.81,283.061,286.13,11860117
NFLX,2018-12-03,293.19,298.72,284.58,290.3,14117370
NFLX,2018-12-04,288.13,295.74,274.72,275.33,12800586
NFLX,2018-12-06,268.33,283.22,267.14,282.88,13074324
NFLX,2018-12-07,282.48,284.209,263.38,265.14,12466711
NFLX,2018-12-10,264.19,271.18,260.6094,269.7,9605553
NFLX,2018-12-11,274.08,274.5,262.76,265.32,9843199
NFLX,2018-12-12,267.66,281.7695,266.48,274.88,11456716
NFLX,2018-12-13,277.64,279.32,271.85,276.02,8379292
NFLX,2018-12-14,271.81,277.6665,265.0,266.84,9915319
NFLX,2018-12-17,266.51,272.98,261.075,262.8,9634734
NFLX,2018-12-18,263.3,275.75,263.29,270.94,10350079
NFLX,2018-12-19,269.96,280.87,263.77,266.77,13788448
NFLX,2018-12-20,264.64,269.9,251.88,260.58,16792928
NFLX,2018-12-21,263.83,264.5,241.29,246.39,21397595
NFLX,2018-12-24,242.0,250.65,233.68,233.88,9547616
NFLX,2018-12-26,233.92,254.5,231.23,253.67,14402735
NFLX,2018-12-27,250.11,255.59,240.1,255.565,12235217
NFLX,2018-12-28,257.94,261.9144,249.8,256.08,10987286
NFLX,2018-12-31,260.16,270.1001,260.0,267.66,13508920
GOOG,2018-01-02,1048.34,1066.94,1045.23,1065.0,1237564
GOOG,2018-01-03,1064.31,1086.29,1063.21,1082.48,1430170
GOOG,2018-01-04,1088.0,1093.57,1084.0,1086.4,1004605
GOOG,2018-01-05,1094.0,1104.25,1092.0,1102.23,1279123
GOOG,2018-01-08,1102.23,1111.27,1101.62,1106.94,1047603
GOOG,2018-01-09,1109.4,1110.57,1101.23,1106.26,902541
GOOG,2018-01-10,1097.1,1104.6,1096.11,1102.61,1042793
GOOG,2018-01-11,1106.3,1106.53,1099.59,1105.52,978292
GOOG,2018-01-12,1102.41,1124.29,1101.15,1122.26,1720533
GOOG,2018-01-16,1132.51,1139.91,1117.83,1121.76,1575261
GOOG,2018-01-17,1126.22,1132.6,1117.01,1131.98,1202639
GOOG,2018-01-18,1131.41,1132.51,1117.5,1129.79,1198234
GOOG,2018-01-19,1131.83,1137.86,1128.3,1137.51,1778229
GOOG,2018-01-22,1137.49,1159.88,1135.11,1155.81,1617975
GOOG,2018-01-23,1159.85,1171.63,1158.75,1169.97,1333056
GOOG,2018-01-24,1177.33,1179.86,1161.05,1164.24,1416625
GOOG,2018-01-25,1172.53,1175.94,1162.76,1170.37,1480540
GOOG,2018-01-26,1175.08,1175.84,1158.11,1175.84,2018755
GOOG,2018-01-29,1176.48,1186.89,1171.98,1175.58,1378913
GOOG,2018-01-30,1167.83,1176.52,1163.52,1163.69,1556346
GOOG,2018-01-31,1170.57,1173.0,1159.13,1169.94,1538688
GOOG,2018-02-01,1162.61,1174.0,1157.52,1167.7,2412114
GOOG,2018-02-02,1122.0,1123.07,1107.28,1111.9,4857943
GOOG,2018-02-05,1090.6,1110.0,1052.03,1055.8,3798301
GOOG,2018-02-06,1027.18,1081.71,1023.14,1080.6,3447956
GOOG,2018-02-07,1081.54,1081.78,1048.26,1048.58,2369232
GOOG,2018-02-08,1055.41,1058.62,1000.66,1001.52,2859136
GOOG,2018-02-09,1017.25,1043.97,992.56,1037.78,3505862
GOOG,2018-02-12,1048.0,1061.5,1040.93,1051.94,2057718
GOOG,2018-02-13,1045.0,1058.37,1044.09,1052.1,1265054
GOOG,2018-02-14,1048.95,1071.72,1046.75,1069.7,1555787
GOOG,2018-02-15,1079.07,1091.48,1064.34,1089.52,1843442
GOOG,2018-02-16,1088.41,1104.67,1088.31,1094.8,1681612
GOOG,2018-02-20,1090.57,1113.95,1088.52,1102.46,1423145
GOOG,2018-02-21,1106.47,1133.97,1106.33,1111.34,1512910
GOOG,2018-02-22,1116.19,1122.82,1102.59,1106.63,1317166
GOOG,2018-02-23,1112.64,1127.28,1104.71,1126.79,1260968
GOOG,2018-02-26,1127.8,1143.96,1126.69,1143.75,1559079
GOOG,2018-02-27,1141.24,1144.04,1118.0,1118.29,1774080
GOOG,2018-02-28,1123.03,1127.53,1103.24,1104.73,1882600
GOOG,2018-03-01,1107.87,1110.12,1067.0,1069.52,2515910
GOOG,2018-03-02,1053.08,1082.0,1048.12,1078.92,2271551
GOOG,2018-03-05,1075.14,1097.1,1069.0,1090.93,1202174
GOOG,2018-03-06,1099.22,1101.85,1089.78,1095.06,1532783
GOOG,2018-03-07,1089.19,1112.22,1085.48,1109.64,1292537
GOOG,2018-03-08,1115.32,1127.6,1112.8,1126.0,1355125
GOOG,2018-03-09,1136.0,1160.8,1132.46,1160.04,2128038
GOOG,2018-03-12,1163.85,1177.05,1157.42,1164.5,2172272
GOOG,2018-03-13,1170.0,1176.76,1133.33,1138.17,1907171
GOOG,2018-03-14,1145.21,1158.59,1141.44,1149.49,1291415
GOOG,2018-03-15,1149.96,1161.08,1134.54,1149.58,1472226
GOOG,2018-03-16,1154.14,1155.88,1131.96,1135.73,3091954
GOOG,2018-03-19,1120.01,1121.99,1089.01,1099.82,2805937
GOOG,2018-03-20,1099.0,1105.2,1083.46,1097.71,1831896
GOOG,2018-03-21,1092.74,1106.3,1085.15,1090.88,1878873
GOOG,2018-03-22,1081.88,1082.9,1045.91,1049.08,2666964
GOOG,2018-03-23,1047.03,1063.36,1021.22,1021.57,2156672
GOOG,2018-03-26,1046.0,1055.63,1008.4,1053.21,2665131
GOOG,2018-03-27,1063.0,1064.84,996.92,1005.1,3095315
GOOG,2018-03-28,998.0,1024.23,980.64,1004.56,3369275
GOOG,2018-03-29,1011.63,1043.0,1002.9,1031.79,2726830
GOOG,2018-04-02,1022.82,1034.8,990.37,1006.47,2680400
GOOG,2018-04-03,1013.91,1020.99,994.07,1013.41,2275076
GOOG,2018-04-04,993.41,1028.72,993.0,1025.14,2484651
GOOG,2018-04-05,1041.33,1042.79,1020.13,1027.81,1363049
GOOG,2018-04-06,1020.0,1031.42,1003.03,1007.04,1746430
GOOG,2018-04-09,1016.8,1039.6,1014.08,1015.45,1751559
GOOG,2018-04-10,1026.44,1036.28,1011.34,1031.64,2029648
GOOG,2018-04-11,1027.99,1031.36,1015.87,1019.97,1483881
GOOG,2018-04-12,1025.04,1040.69,1021.43,1032.51,1359389
GOOG,2018-04-13,1040.88,1046.42,1022.98,1029.27,1223017
GOOG,2018-04-16,1037.0,1043.24,1026.74,1037.98,1211208
GOOG,2018-04-17,1051.37,1077.88,1048.26,1074.16,2320266
GOOG,2018-04-18,1077.43,1077.43,1066.22,1072.08,1344138
GOOG,2018-04-19,1069.4,1094.16,1068.18,1087.7,1747671
GOOG,2018-04-20,1082.0,1092.35,1069.57,1072.96,1889686
GOOG,2018-04-23,1077.86,1082.72,1060.7,1067.45,2341258
GOOG,2018-04-24,1052.0,1057.0,1010.59,1019.98,4760260
GOOG,2018-04-25,1025.52,1032.49,1015.31,1021.18,2391105
GOOG,2018-04-26,1029.51,1047.98,1018.19,1040.04,2079533
GOOG,2018-04-27,1046.0,1049.5,1025.59,1030.05,1619796
GOOG,2018-04-30,1030.01,1037.0,1016.85,1017.33,1671254
GOOG,2018-05-01,1013.66,1038.47,1008.21,1037.31,1427857
GOOG,2018-05-02,1028.1,1040.39,1022.87,1024.38,1603081
GOOG,2018-05-03,1019.0,1029.67,1006.29,1023.72,1815058
GOOG,2018-05-04,1016.9,1048.51,1016.9,1048.21,1938658
GOOG,2018-05-07,1049.23,1061.68,1047.1,1054.79,1466065
GOOG,2018-05-08,1058.54,1060.55,1047.14,1053.91,1217721
GOOG,2018-05-09,1058.1,1085.44,1056.37,1082.76,2032818
GOOG,2018-05-10,1086.03,1100.44,1085.64,1097.57,1443025
GOOG,2018-05-11,1093.6,1101.33,1090.91,1098.26,1253665
GOOG,2018-05-14,1100.0,1110.75,1099.11,1100.2,1518077
GOOG,2018-05-15,1090.0,1090.05,1073.47,1079.23,1494872
GOOG,2018-05-16,1077.31,1089.27,1076.26,1081.77,1097317
GOOG,2018-05-17,1079.89,1086.87,1073.5,1078.59,1043766
GOOG,2018-05-18,1061.86,1069.94,1060.68,1066.36,1565240
GOOG,2018-05-21,1074.06,1088.0,1073.65,1079.58,1023211
GOOG,2018-05-22,1083.56,1086.59,1066.69,1069.73,1090002
GOOG,2018-05-23,1065.13,1080.78,1061.71,1079.69,1060683
GOOG,2018-05-24,1079.0,1080.47,1066.15,1079.24,766773
GOOG,2018-05-25,1079.02,1082.56,1073.78,1075.66,899406
GOOG,2018-05-29,1064.89,1073.37,1055.22,1060.32,1865139
GOOG,2018-05-30,1063.03,1069.21,1056.83,1067.8,1138457
GOOG,2018-05-31,1067.56,1097.19,1067.56,1084.99,3088305
GOOG,2018-06-01,1099.35,1120.0,1098.5,1119.5,2421598
GOOG,2018-06-04,1122.33,1141.89,1122.01,1139.29,1889579
GOOG,2018-06-05,1140.99,1145.74,1133.19,1139.66,1677973
GOOG,2018-06-06,1142.17,1143.0,1125.74,1136.88,1698247
GOOG,2018-06-07,1131.32,1135.82,1116.52,1123.86,1520020
GOOG,2018-06-08,1118.18,1126.67,1112.15,1120.87,1290845
GOOG,2018-06-11,1118.6,1137.26,1118.6,1129.99,1079294
GOOG,2018-06-12,1131.07,1139.79,1130.73,1139.32,912018
GOOG,2018-06-13,1141.12,1146.5,1133.38,1134.79,1506407
GOOG,2018-06-14,1143.85,1155.47,1140.64,1152.12,1350868
GOOG,2018-06-15,1148.86,1153.42,1143.48,1152.26,2122476
GOOG,2018-06-18,1143.65,1174.31,1143.59,1173.46,1413692
GOOG,2018-06-19,1158.5,1171.27,1154.01,1168.06,1621018
GOOG,2018-06-20,1175.31,1186.29,1169.16,1169.84,1648536
GOOG,2018-06-21,1174.85,1177.3,1152.23,1157.66,1238118
GOOG,2018-06-22,1159.14,1162.5,1147.26,1155.48,1310967
GOOG,2018-06-25,1143.6,1143.91,1112.78,1124.81,2157310
GOOG,2018-06-26,1128.0,1133.21,1116.66,1118.46,1563225
GOOG,2018-06-27,1121.34,1131.84,1103.62,1103.98,1293892
GOOG,2018-06-28,1102.09,1122.31,1096.01,1114.22,1072438
GOOG,2018-06-29,1120.0,1128.23,1115.0,1115.65,1315121
GOOG,2018-07-02,1099.0,1128.0,1093.8,1127.46,1217311
GOOG,2018-07-03,1135.82,1135.82,1100.02,1102.89,679034
GOOG,2018-07-05,1110.53,1127.5,1108.48,1124.27,1066685
GOOG,2018-07-06,1123.58,1140.93,1120.74,1140.17,996079
GOOG,2018-07-09,1148.48,1154.67,1143.42,1154.05,908969
GOOG,2018-07-10,1156.98,1159.59,1149.59,1152.84,798412
GOOG,2018-07-11,1144.59,1164.29,1141.0,1153.9,1119993
GOOG,2018-07-12,1159.89,1184.41,1155.93,1183.48,1251884
GOOG,2018-07-13,1185.0,1195.42,1180.0,1188.82,1222072
GOOG,2018-07-16,1189.39,1191.0,1179.28,1183.86,1055662
GOOG,2018-07-17,1172.22,1203.04,1170.6,1198.8,1610353
GOOG,2018-07-18,1196.56,1204.5,1190.34,1195.88,1393606
GOOG,2018-07-19,1191.0,1200.0,1183.32,1186.96,1276667
GOOG,2018-07-20,1186.96,1196.86,1184.22,1184.91,1248400
GOOG,2018-07-23,1181.01,1206.49,1181.0,1205.5,2619234
GOOG,2018-07-24,1262.59,1266.0,1235.56,1248.08,3318204
GOOG,2018-07-25,1239.13,1265.86,1239.13,1263.7,2139999
GOOG,2018-07-26,1251.0,1269.77,1249.02,1268.33,2405638
GOOG,2018-07-27,1271.0,1273.89,1231.0,1238.5,2130558
GOOG,2018-07-30,1228.01,1234.92,1211.47,1219.74,1849904
GOOG,2018-07-31,1220.01,1227.59,1205.6,1217.26,1644722
GOOG,2018-08-01,1228.0,1233.47,1210.21,1220.01,1567264
GOOG,2018-08-02,1205.9,1229.88,1204.79,1226.15,1531299
GOOG,2018-08-03,1229.62,1230.0,1215.06,1223.71,1089896
GOOG,2018-08-06,1225.0,1226.09,1215.8,1224.77,1081723
GOOG,2018-08-07,1237.0,1251.17,1236.17,1242.22,1493980
GOOG,2018-08-08,1240.47,1256.5,1238.01,1245.61,1370913
GOOG,2018-08-09,1249.9,1255.54,1246.01,1249.1,848601
GOOG,2018-08-10,1243.0,1245.69,1232.0,1237.61,1108919
GOOG,2018-08-13,1236.98,1249.27,1233.64,1235.01,997346
GOOG,2018-08-14,1235.19,1245.87,1225.11,1242.1,1348194
GOOG,2018-08-15,1229.26,1235.24,1209.51,1214.38,1828814
GOOG,2018-08-16,1224.73,1226.0,1202.55,1206.49,1343161
GOOG,2018-08-17,1202.03,1209.02,1188.24,1200.96,1389645
GOOG,2018-08-20,1205.02,1211.0,1194.63,1207.77,870772
GOOG,2018-08-21,1208.0,1217.26,1200.35,1201.62,1205580
GOOG,2018-08-22,1200.0,1211.84,1199.0,1207.33,887389
GOOG,2018-08-23,1207.14,1221.28,1204.24,1205.38,992604
GOOG,2018-08-24,1208.82,1221.65,1206.36,1220.65,946840
GOOG,2018-08-27,1227.6,1243.09,1225.72,1241.82,1156255
GOOG,2018-08-28,1241.29,1242.55,1228.69,1231.15,1304007
GOOG,2018-08-29,1237.45,1250.66,1236.36,1249.3,1309312
GOOG,2018-08-30,1244.23,1253.63,1232.59,1239.12,1331439
GOOG,2018-08-31,1234.98,1238.66,1211.29,1218.19,1816426
GOOG,2018-09-04,1204.27,1212.99,1192.5,1197.0,1831045
GOOG,2018-09-05,1193.8,1199.01,1162.0,1186.48,2061309
GOOG,2018-09-06,1186.3,1186.3,1152.0,1171.44,1888467
GOOG,2018-09-07,1158.67,1175.26,1157.21,1164.83,1401404
GOOG,2018-09-10,1172.19,1174.54,1160.11,1164.64,1115796
GOOG,2018-09-11,1161.63,1178.68,1156.24,1177.36,1209565
GOOG,2018-09-12,1172.72,1178.61,1158.36,1162.82,1295472
GOOG,2018-09-13,1170.74,1178.61,1162.85,1175.33,1431214
GOOG,2018-09-14,1179.1,1180.42,1168.33,1172.53,943978
GOOG,2018-09-17,1170.14,1177.24,1154.03,1156.05,1306522
GOOG,2018-09-18,1157.09,1176.08,1157.09,1161.22,1203686
GOOG,2018-09-19,1164.98,1173.21,1154.58,1171.09,1191386
GOOG,2018-09-20,1179.99,1189.89,1173.36,1186.87,1225387
GOOG,2018-09-21,1192.0,1192.21,1166.04,1166.09,4405584
GOOG,2018-09-24,1157.17,1178.0,1146.91,1173.37,1271017
GOOG,2018-09-25,1176.15,1186.88,1168.0,1184.65,977731
GOOG,2018-09-26,1185.15,1194.23,1174.77,1180.49,1462253
GOOG,2018-09-27,1186.73,1202.1,1183.63,1194.64,1260754
GOOG,2018-09-28,1191.87,1195.41,1184.5,1193.47,1380629
GOOG,2018-10-01,1199.89,1209.9,1190.3,1195.31,1357604
GOOG,2018-10-02,1190.96,1209.96,1186.63,1200.11,1687914
GOOG,2018-10-03,1205.0,1206.41,1193.83,1202.95,1256214
GOOG,2018-10-04,1195.33,1197.51,1155.58,1168.19,2209490
GOOG,2018-10-05,1167.5,1173.5,1145.12,1157.35,1184452
GOOG,2018-10-08,1150.11,1168.0,1127.36,1148.97,1932355
GOOG,2018-10-09,1146.15,1154.35,1137.57,1138.82,1308764
GOOG,2018-10-10,1131.08,1132.17,1081.13,1081.22,2675742
GOOG,2018-10-11,1072.94,1106.4,1068.27,1079.32,2950120
GOOG,2018-10-12,1108.0,1115.0,1086.4,1110.08,2101303
GOOG,2018-10-15,1108.91,1113.45,1089.0,1092.25,1372393
GOOG,2018-10-16,1104.59,1124.22,1102.5,1121.28,1928540
GOOG,2018-10-17,1126.46,1128.99,1102.19,1115.69,1467226
GOOG,2018-10-18,1121.84,1121.84,1077.09,1087.97,2094524
GOOG,2018-10-19,1093.37,1110.36,1087.75,1096.46,1267649
GOOG,2018-10-22,1103.06,1112.23,1091.0,1101.16,1514220
GOOG,2018-10-23,1080.89,1107.89,1070.0,1103.69,1848654
GOOG,2018-10-24,1104.25,1106.12,1048.74,1050.71,1982430
GOOG,2018-10-25,1071.79,1110.98,1069.55,1095.57,2545839
GOOG,2018-10-26,1037.03,1106.53,1034.09,1071.47,4187586
GOOG,2018-10-29,1082.47,1097.04,995.83,1020.08,3880723
GOOG,2018-10-30,1008.46,1037.49,1000.75,1036.21,3212657
GOOG,2018-10-31,1059.81,1091.94,1057.0,1076.77,2529768
GOOG,2018-11-01,1075.8,1083.97,1062.46,1070.0,1481979
GOOG,2018-11-02,1073.73,1082.97,1054.61,1057.79,1839043
GOOG,2018-11-05,1055.0,1058.47,1021.24,1040.09,2441430
GOOG,2018-11-06,1039.48,1064.35,1038.07,1055.81,1233306
GOOG,2018-11-07,1069.0,1095.46,1065.9,1093.39,2058356
GOOG,2018-11-08,1091.38,1093.27,1072.2,1082.4,1488182
GOOG,2018-11-09,1073.99,1075.56,1053.11,1066.15,1343313
GOOG,2018-11-12,1061.39,1062.12,1031.0,1038.63,1471758
GOOG,2018-11-13,1043.29,1056.61,1031.15,1036.05,1513702
GOOG,2018-11-14,1050.0,1054.56,1031.0,1043.66,1565945
GOOG,2018-11-15,1044.71,1071.85,1031.78,1064.71,1836084
GOOG,2018-11-16,1059.41,1067.0,1048.98,1061.49,1658116
GOOG,2018-11-19,1057.2,1060.79,1016.26,1020.0,1858614
GOOG,2018-11-20,1000.0,1031.74,996.02,1025.76,2449130
GOOG,2018-11-21,1036.76,1048.56,1033.47,1037.61,1534274
GOOG,2018-11-23,1030.0,1037.59,1022.4,1023.88,691462
GOOG,2018-11-26,1038.35,1049.31,1033.91,1048.62,1942822
GOOG,2018-11-27,1041.0,1057.58,1038.49,1044.41,1803164
GOOG,2018-11-28,1048.76,1086.84,1035.76,1086.23,2475419
GOOG,2018-11-29,1076.08,1094.24,1076.0,1088.3,1468859
GOOG,2018-11-30,1089.07,1095.57,1077.88,1094.43,2580612
GOOG,2018-12-03,1123.14,1124.65,1103.66,1106.43,1990758
GOOG,2018-12-04,1103.12,1104.42,1049.98,1050.82,2345166
GOOG,2018-12-06,1034.26,1071.2,1030.77,1068.73,2769225
GOOG,2018-12-07,1060.01,1075.26,1028.5,1036.58,2101206
GOOG,2018-12-10,1035.05,1048.45,1023.29,1039.55,1807725
GOOG,2018-12-11,1056.49,1060.6,1039.84,1051.75,1394731
GOOG,2018-12-12,1068.0,1081.65,1062.79,1063.68,1523804
GOOG,2018-12-13,1068.07,1079.76,1053.93,1061.9,1329768
GOOG,2018-12-14,1049.98,1062.6,1040.79,1042.1,1686619
GOOG,2018-12-17,1037.51,1053.15,1007.9,1016.53,2385364
GOOG,2018-12-18,1026.09,1049.48,1021.44,1028.71,2192533
GOOG,2018-12-19,1033.99,1062.0,1008.05,1023.01,2479338
GOOG,2018-12-20,1018.13,1034.22,996.36,1009.41,2673464
GOOG,2018-12-21,1015.3,1024.02,973.69,979.54,4595891
GOOG,2018-12-24,973.9,1003.54,970.11,976.22,1590328
GOOG,2018-12-26,989.01,1040.0,983.0,1039.46,2373270
GOOG,2018-12-27,1017.15,1043.89,997.0,1043.88,2109777
GOOG,2018-12-28,1049.62,1055.56,1033.1,1037.08,1413772
GOOG,2018-12-31,1050.96,1052.7,1023.59,1035.61,1493722
